svm_y8_W,svm_y8_T,svm_y6_W,svm_y6_T,svm_y2_W,svm_y2_T,log_y8_W,log_y8_T,log_y6_W,log_y6_T,log_y2_W,log_y2_T,mnb_y8_code_W,mnb_y8_code_T,mnb_y8_functional-inline_W,mnb_y8_functional-inline_T,mnb_y8_functional-method_W,mnb_y8_functional-method_T,mnb_y8_functional-module_W,mnb_y8_functional-module_T,mnb_y8_general_W,mnb_y8_general_T,mnb_y8_notice_W,mnb_y8_notice_T,mnb_y8_todo_W,mnb_y8_todo_T,mnb_y6_code_W,mnb_y6_code_T,mnb_y6_functional_W,mnb_y6_functional_T,mnb_y6_general_W,mnb_y6_general_T,mnb_y6_notice_W,mnb_y6_notice_T,mnb_y6_todo_W,mnb_y6_todo_T,mnb_y2_functional_W,mnb_y2_functional_T,mnb_y2_non-functional_W,mnb_y2_non-functional_T
-3.0743248945736688,modela,-3.0743265610787325,modela,3.759922626530524,Korak,7.18011172112102,;,6.568841462133085,;,12.007070306117749,Korak,-2.5811880301673753,(,-3.964392892066366,se,-2.762923220125627,*,-3.204975623919421,.,-2.455346222420659,.,-3.4939452891340665,.,-3.2408431462605254,:,-2.5811880301673753,(,-3.66524922852083,*,-2.455346222420659,.,-3.4939452891340665,.,-3.2408431462605254,:,-3.7650989498636998,*,-3.250974348758038,.
2.861013333954921,window_sum,2.8610113588003587,window_sum,3.5208598774511493,TODO,5.752422962742301,=,4.934960804888484,=,10.84234846658325,TODO,-2.7941183096512328,),-3.9737345088826928,u,-3.773031133212016,.,-3.3790978273160373,*,-2.7470440122670987,:,-3.5422508143766547,",",-3.40619488495113,.,-2.7941183096512328,),-3.804739095628575,.,-2.7470440122670987,:,-3.5422508143766547,",",-3.40619488495113,.,-3.9045380672964196,.,-3.66929654016245,","
2.689009630199497,if,2.6890127010009772,if,3.271340012874776,@author,4.586829388587388,if,-4.243480311686219,je,10.473372046753266,@author,-2.861209745503051,.,-4.002277322232763,.,-3.9113517891338656,za,-3.621787640042001,za,-3.2053573260086674,c,-3.834921888870565,:,-3.5647783484698357,Korak,-2.861209745503051,.,-3.916500958142608,za,-3.2053573260086674,c,-3.834921888870565,:,-3.5647783484698357,Korak,-4.016253840968694,za,-3.6811221308831117,(
2.6556608948030878,;,2.655660675341173,;,2.487889910649099,Napisati,-4.475284029884917,je,4.207842561599966,if,7.04390025155131,c,-2.9703038000767563,=,-4.013161123413458,za,-4.089256283995921,na,-4.100317960585438,i,-3.6207667971688213,File,-3.960265641156433,da,-3.617488227987808,",",-2.9703038000767563,=,-4.035831347079202,se,-3.6207667971688213,File,-3.960265641156433,da,-3.617488227987808,",",-4.135528991147438,se,-3.721429429492539,:
-2.3907177920736227,^,-2.3907183343120275,^,2.158543247810629,c,-4.471632729093283,za,4.0784808905771825,print,6.580787645592142,Napisati,-3.220708874509612,",",-4.124792697722428,je,-4.092030094028117,se,-4.15100686178431,::,-3.794863300101241,*,-4.104024909950132,u,-3.9803166053156795,i,-3.220708874509612,",",-4.085250883936017,u,-3.794863300101241,*,-4.104024909950132,u,-3.9803166053156795,i,-4.184923650646567,u,-3.8366752634135723,)
2.363826346118929,)),2.363826911218238,)),-2.117526963543712,Parametri,4.462834222716046,print,-3.9040406697310197,u,6.534917366895484,=,-3.398421417377873,',-4.24822609168353,i,-4.318199655368876,u,-4.250060851454965,Klasa,-3.950587297415138,@author,-4.204216483886993,se,-4.1937968922208935,u,-3.398421417377873,',-4.26249595434939,je,-3.950587297415138,@author,-4.204216483886993,se,-4.1937968922208935,u,-4.362068675836699,je,-4.176877606516477,=
-2.36122841160177,je,-2.3612294303519117,je,2.0447340213547722,pozvati,4.2811925951936995,(,-3.9024212515009045,za,6.484324189970482,;,-3.5193193491564796,;,-4.283156411316945,",",-4.33299914803132,-,-4.370621011341196,",",-4.1747907899247725,h,-4.24172230618899,i,-4.347212325043189,da,-3.5193193491564796,;,-4.304558491427931,i,-4.1747907899247725,h,-4.24172230618899,i,-4.347212325043189,da,-4.4041047537642495,i,-4.575179757421839,i
-2.3593353008804847,find,-2.359339585242414,find,2.0271089139061003,?,-4.1286363241724695,u,3.883025431943904,(,6.3935593381487354,upit,-3.8227629456218724,[,-4.3102964752715796,da,-4.452645168727088,koja,-4.591491545600336,DEMO,-4.3852186789317,],-4.241993676466581,(,-4.401920921434226,za,-3.8227629456218724,[,-4.343259373803751,",",-4.3852186789317,],-4.241993676466581,(,-4.401920921434226,za,-4.4427802893657145,",",-4.582193335373759,'
-2.355535122555243,model2,-2.3555342419153638,model2,-1.9153903506956196,udesno,3.9562335485344455,window_sum,3.704869970333015,window_sum,6.319156063357916,?,-3.8988342496979587,],-4.451563431980713,na,-4.459571529329079,je,-4.599720263224844,sa,-4.3852186789317,[,-4.255569356994681,),-4.552977440911015,se,-3.8988342496979587,],-4.352360447289872,na,-4.3852186789317,[,-4.255569356994681,),-4.552977440911015,se,-4.451875258464503,na,-4.782947654804222,Korak
-2.1936368374217654,pozivanje,-2.193637089459113,pozivanje,1.9122190613511298,;,3.8696602339325974,)),3.5615599535657636,)),-5.940262274539528,Parametri,-4.63044734688774,"""""",-4.758974630348945,*,-4.589569312671332,da,-4.6798832846407175,u,-4.38829852544029,cpp,-4.261942380228173,je,-4.58712626843387,tabele,-4.63044734688774,"""""",-4.419701050173164,da,-4.38829852544029,cpp,-4.261942380228173,je,-4.58712626843387,tabele,-4.519168926587903,da,-4.806890396838131,;
-2.191510085508269,max_n,-2.191510849872322,max_n,1.9103428557624078,upit,3.4894835064745706,import,3.1896374195128296,import,5.912483552193792,:,-4.7172307211933235,:,-4.862886239894797,sa,-4.6126714281354815,",",-4.765894547505538,:,-4.563298592761008,",",-4.311939356068321,/,-4.655003793288594,2,-4.7172307211933235,:,-4.852420674451554,sa,-4.563298592761008,",",-4.311939356068321,/,-4.655003793288594,2,-4.951498414005228,sa,-4.810294500271215,u
2.1883744890376313,02,2.1883719787633384,02,1.8051577117106787,=,-3.4114193497924035,^,3.126926858820171,plt,5.577954495163183,SELECT,-4.77976946994508,print,-5.072609147015274,iz,-4.6263262956852085,:,-4.809824081968571,koja,-4.945765929412416,Date,-4.780270864623145,za,-4.785370800175846,),-4.77976946994508,print,-5.001196671249013,-,-4.945765929412416,Date,-4.780270864623145,za,-4.785370800175846,),-5.100096292955858,-,-4.82880646974173,da
-2.1864519494295407,za,-2.1864582952913216,za,1.7605623681470308,izbaciti,3.317467360235688,SELECT,-2.9352762026336796,se,5.468637116282458,pozvati,-4.826195717544547,)),-5.11145454249945,ako,-4.671174331241412,koji,-4.817011293396591,na,-5.0765988322677575,Object,-4.7944783716357975,na,-4.803712085555283,je,-4.826195717544547,)),-5.074437560510874,koji,-5.0765988322677575,Object,-4.7944783716357975,na,-4.803712085555283,je,-5.173239283906526,koji,-4.899873202887394,[
2.1417579438983596,print,2.1417600032237623,print,1.7212509226986223,SELECT,3.3147264470664974,],2.9241509814815996,in,-5.329184519889711,udesno,-4.887143038525389,"""",-5.243875187873936,broj,-4.703374960035859,i,-4.836059897589706,se,-5.0765988322677575,Script,-5.009903655405736,=,-4.84119376934048,TODO,-4.887143038525389,"""",-5.1038288287901885,:,-5.0765988322677575,Script,-5.009903655405736,=,-4.84119376934048,TODO,-5.202589207990943,:,-4.9535407712966,]
-2.121713235321816,u,-2.1217110658403855,u,1.6759030675065913,Ovo,3.290631978085233,plt,2.8971804368997582,SELECT,5.284681243933465,izbaciti,-5.053749012898345,0,-5.306042047705297,koji,-4.752758820268699,Funkcija,-4.91315651878346,-,-5.0765988322677575,dbo,-5.1544272352491785,ne,-4.855440121155162,(,-5.053749012898345,0,-5.177812421092067,iz,-5.0765988322677575,dbo,-5.1544272352491785,ne,-4.855440121155162,(,-5.276463195429237,iz,-5.050665293455232,se
-2.1042619522164543,do,-2.1042635807028347,do,1.6427184217062039,procedure,3.167943931066613,in,2.882325472020745,FROM,5.1940080052315,print,-5.1142360957029505,1,-5.403922167639758,(,-4.767179057384162,@param,-4.947987358909582,1,-5.127724727015216,del-boy,-5.218772167706396,`,-4.8809087896730325,koji,-5.1142360957029505,1,-5.268583692410568,koja,-5.127724727015216,del-boy,-5.218772167706396,`,-4.8809087896730325,koji,-5.367088446383043,koja,-5.1755597247879965,za
-2.022294317351186,neuron,-2.022294408444109,neuron,1.6273282660974204,Napraviti,3.152646571924058,',-2.8399222894865903,modela,5.144393007428385,Ovo,-5.157554999434128,i,-5.433614778157941,),-4.804381185203802,funkcija,-5.127741733676825,prikaz,-5.188399733782011,2020,-5.244648624730501,*,-4.908155485769191,upit,-5.157554999434128,i,-5.2914872822774806,broj,-5.188399733782011,2020,-5.244648624730501,*,-4.908155485769191,upit,-5.389953053454056,broj,-5.186598580016568,je
2.0152042941495436,in,2.015205854807483,in,1.6263824521072758,Zakomentarisati,3.1397795889563564,FROM,-2.7566653834083215,da,5.124751727905693,procedure,-5.253404456084607,np,-5.447660366486329,od,-5.050258547304464,sa,-5.206687825628353,),-5.241863950678683,09/14/2017,-5.277489284842248,sa,-4.916224980018851,sa,-5.253404456084607,np,-5.306002028355745,(,-5.241863950678683,09/14/2017,-5.277489284842248,sa,-4.916224980018851,sa,-5.404442629455195,(,-5.415907963216562,""""""
1.9626823262464168,FROM,1.9626865670655065,FROM,1.623334736060781,print,-3.1380545200862584,se,2.7447203446601365,+,4.927685634677112,Zakomentarisati,-5.375956953708169,tf,-5.504236579555381,li,-5.196413383000381,),-5.225577526864784,(,-5.304388420094393,Created,-5.304086649031436,GET,-4.964938599915012,na,-5.375956953708169,tf,-5.321008389131281,),-5.304388420094393,Created,-5.304086649031436,GET,-4.964938599915012,na,-5.419422581351153,),-5.4453179557625635,/
1.9310909006419965,ENDS,1.9310892287363675,ENDS,1.5734879735535137,Selektujte,-2.939413259998296,na,-2.713275341757416,na,4.590001121683299,Selektujte,-5.466511794548382,+,-5.519531429137945,:,-5.197834501979649,(,-5.23606797271379,koji,-5.415053584400213,2,-5.338719646071405,',-5.049820394686586,3,-5.466511794548382,+,-5.407823710292458,ako,-5.415053584400213,2,-5.338719646071405,',-5.049820394686586,3,-5.506077107372997,ako,-5.448656438451568,*
1.9180113159128334,=,1.9180095146372436,=,1.5594904860353915,program,2.861907843435468,=[,2.6937603181287275,],4.589335973084418,program,-5.540876022281668,*,-5.524339557251752,podataka,-5.226740110174445,broj,-5.241155716578938,da,-5.4254810434800795,-,-5.372873640454102,api,-5.137207333832746,koja,-5.540876022281668,*,-5.518673344852266,od,-5.4254810434800795,-,-5.372873640454102,api,-5.137207333832746,koja,-5.616700102732972,od,-5.501620474929972,2
1.8926987918942142,plt,1.8926990878408638,plt,1.4946884570329222,izvrsite,2.85062804480106,tf,2.664797216175003,=[,4.488785587088763,paznju,-5.618852016412928,plt,-5.53987772887047,po,-5.262734738245003,predmeta,-5.28202988096619,Program,-5.451602959768795,Author,-5.446874658256255,5,-5.232493154767805,iz,-5.618852016412928,plt,-5.658772656054333,sve,-5.451602959768795,Author,-5.446874658256255,5,-5.232493154767805,iz,-5.756474668772259,sve,-5.522313244442902,na
-1.8915093212117309,file,-1.8915083546715223,file,1.49346932947182,jezika,-2.848376339986211,sa,2.649994866523747,tf,4.454117632512372,4.472135954958,-5.696486677425083,j,-5.552808374667949,-,-5.3420686119544145,iz,-5.307979607314305,klasa,-5.477963331587813,cs,-5.575593726647113,!,-5.383023893239024,4,-5.696486677425083,j,-5.682702695082199,li,-5.477963331587813,cs,-5.575593726647113,!,-5.383023893239024,4,-5.780344557155707,li,-5.544939262344105,c
-1.868075453111632,metrike,-1.8680722192204142,metrike,1.4892154015227006,:,-2.837393987784269,modela,-2.6472666376512586,^,4.397558129086781,del-boy,-5.7077152453592666,{,-5.597162230221441,ne,-5.404702708624303,metoda,-5.4839270611923165,je,-5.531856045718204,prirodnih,-5.687693705721291,su,-5.429036567537004,5,-5.7077152453592666,{,-5.72931574801474,podataka,-5.531856045718204,prirodnih,-5.687693705721291,su,-5.429036567537004,5,-5.826836239850935,podataka,-5.696406401854321,sa
-1.836569631826124,startup_stm32f10x_xx,-1.8365682880825986,startup_stm32f10x_xx,1.4803482269775903,4.472135954958,-2.808245995737412,da,2.5844614028523236,',4.3314679602734145,dodato,-5.709824453251157,self,-5.660666053248165,sve,-5.468671096716655,Metoda,-5.515477383819341,predstavlja,-5.531856045718204,jezika,-5.692508165343881,pozvati,-5.453654700648091,treba,-5.709824453251157,self,-5.786965906124459,ne,-5.531856045718204,jezika,-5.692508165343881,pozvati,-5.453654700648091,treba,-5.884328271061358,ne,-5.735082399062977,tabele
-1.803780413599769,treniranje,-1.8037825143049904,treniranje,1.430709369209441,dodato,2.749417269588619,[,2.540274666398489,class,4.324682914464096,izvrsite,-5.796157964482705,SELECT,-5.808366311405225,nije,-5.60751685641011,dohvatanje,-5.541760561230387,Zadatak,-5.5652331789144895,Autor,-5.736199159512135,ovo,-5.548560928414521,SELECT,-5.796157964482705,SELECT,-5.799873359543486,po,-5.5652331789144895,Autor,-5.736199159512135,ovo,-5.548560928414521,SELECT,-5.897199058121418,po,-5.826165023143888,1
-1.7029105393991841,"0,499",-1.702905214869264,"0,499",1.4146897403533087,todo,2.709137850565388,from,2.529448176279931,from,4.319423580169982,jezika,-5.807031167265042,},-5.932539929902033,su,-5.628960037762565,koje,-5.549253164472672,o,-5.607976277727725,Tim,-5.748624119301091,treba,-5.549546586728212,Napisati,-5.807031167265042,},-5.90683729933003,koje,-5.607976277727725,Tim,-5.748624119301091,treba,-5.549546586728212,Napisati,-6.003840282044356,koje,-5.932550395409574,koji
-1.6977927401674728,ZAPOSLENI,-1.6977891239911416,ZAPOSLENI,1.4060024813696446,del-boy,2.645784991030457,\,-2.5086005109840204,sa,4.238615662521517,todo,-5.856935483965563,if,-5.9440800901711,samo,-5.6316983127067495,dodavanje,-5.603762189856073,brojeva,-5.668863294119186,/,-5.762555368417848,"""""",-5.569677301622765,Selektujte,-5.856935483965563,if,-5.967882059389433,funkcija,-5.668863294119186,/,-5.762555368417848,"""""",-5.569677301622765,Selektujte,-6.064684843610192,funkcija,-5.933743824283896,""""
1.6653153658927031,input_size,1.6653178131077124,input_size,-1.4006881919706866,^,2.6373551604789425,),2.4767476615658413,),4.218178643951196,Obratite,-5.876499011376953,2,-6.001795772761977,vrednosti,-5.6464681071917475,sve,-5.622966011501504,Komponenta,-5.68744739676026,StoredProcedure,-5.768111073685715,"""",-5.610143688832763,izvrsite,-5.876499011376953,2,-5.989240797305431,su,-5.68744739676026,StoredProcedure,-5.768111073685715,"""",-5.610143688832763,izvrsite,-6.085970608358339,su,-5.93967174348684,5
-1.6642679003769913,sa,-1.664270849771749,sa,1.3863409230412769,=[,2.5907675767031546,class,2.454003505107179,\,4.209643473277598,koriscenja,-5.883265919662094,>,-6.025230947793114,broja,-5.655057311795038,@return,-5.683992217826616,od,-5.701319938933845,PM,-5.834036238131743,radi,-5.6350996090505,Kreiranje,-5.883265919662094,>,-6.003022574803393,o,-5.701319938933845,PM,-5.834036238131743,radi,-5.6350996090505,Kreiranje,-6.0997044685446795,o,-6.0367617987519715,0
-1.662671557428112,err,-1.662673204773193,err,1.3754845997555574,Potrebno,2.5535364120100312,self,2.406242135384391,self,4.184923114188444,Napraviti,-5.895899979181208,()),-6.059454238325164,koje,-5.707201006387896,studenta,-5.767535044518685,predmeta,-5.84051467063287,12:03:37,-5.839683958793282,SQL,-5.65951461556986,kolone,-5.895899979181208,()),-6.021978434800218,Funkcija,-5.84051467063287,12:03:37,-5.839683958793282,SQL,-5.65951461556986,kolone,-6.118593337349843,Funkcija,-6.036878271797583,File
1.6230874964738726,class,1.6230850942728507,class,1.3727233559198402,cpp,2.547412121133547,ELSE,2.3927697495706695,ELSE,4.159737597337884,@see,-5.924047227000799,/,-6.073437798839542,tabele,-5.75096289012685,koju,-5.792524998050341,Primer,-5.854946829328663,"""""",-5.85169382348838,a,-5.678093706065419,vraca,-5.924047227000799,/,-6.106638699588414,samo,-5.854946829328663,"""""",-5.85169382348838,a,-5.678093706065419,vraca,-6.202938469055442,samo,-6.054021429314108,TODO
1.6221898429821289,self,1.6221902461189723,self,1.3727220412638625,paznju,2.5385364151821914,'',2.3848403273553447,'',4.140262699229172,=[,-5.979651023707651,x,-6.0749076084377585,/,-5.759006576055132,od,-5.807805030413728,su,-5.908144877624191,file,-5.854490374523319,POST,-5.7051762471151015,podataka,-5.979651023707651,x,-6.1168239291834166,@param,-5.908144877624191,file,-5.854490374523319,POST,-5.7051762471151015,podataka,-6.213083963417233,@param,-6.06585169757717,3
1.6144877923052567,year,1.6144891431340112,year,1.3546013474511078,naredni,2.4332097901157788,+,-2.3702653082404943,a,4.102453504110223,dodati,-6.014987381406103,==,-6.123229545019425,o,-5.769710237428989,"""",-5.817822153087196,Ova,-5.919578145693791,iz,-5.918598627981933,kada,-5.712648122281313,"""""",-6.014987381406103,==,-6.142392374460439,nije,-5.919578145693791,iz,-5.918598627981933,kada,-5.712648122281313,"""""",-6.238550865142482,nije,-6.089994222645537,upit
1.610423663574391,bbc,1.6104236982552473,bbc,1.333900241948273,koriscenja,-2.4268008599737043,i,-2.321650975841952,max_n,4.049052501644851,Potrebno,-6.046118982968615,for,-6.147294708253824,niza,-5.774289278288642,svih,-5.89900957794209,ispisuje,-5.919578145693791,Projekat,-5.957553710103792,],-5.71482409177367,Sales,-6.046118982968615,for,-6.154747237915192,predmeta,-5.919578145693791,Projekat,-5.957553710103792,],-5.71482409177367,Sales,-6.2508557275677985,predmeta,-6.124194724982611,print
1.6101250282767645,JOIN,1.6101251492362882,JOIN,1.3244103494316701,2020,-2.4020632580086385,a,2.2546719562739534,WHEN,4.026763292277577,(,-6.0644870125963966,=[,-6.153615802216445,',-5.777255345754936,procesa,-5.9001325245885115,podataka,-5.9651575227811655,Ivan,-5.964229266641394,Server,-5.7161563643846725,1,-6.0644870125963966,=[,-6.163004027830601,vrednosti,-5.9651575227811655,Ivan,-5.964229266641394,Server,-5.7161563643846725,1,-6.2590787570293,vrednosti,-6.147450639134619,))
1.5757501619783292,from,1.575750989045012,from,1.316178602498875,import,2.3944916572660144,WHEN,2.2546719562739534,THEN,4.02410016866765,],-6.089782388025322,!,-6.204180756610654,ili,-5.840899465429583,dohvata,-5.90018131322617,broja,-5.9651575227811655,Pribela,-6.003033087992279,[,-5.739001370189875,naredbu,-6.089782388025322,!,-6.181714663596882,svih,-5.9651575227811655,Pribela,-6.003033087992279,[,-5.739001370189875,naredbu,-6.277711853398107,svih,-6.151752559992217,iz
1.5718857351853317,gui,1.5718847701948586,gui,1.305443598872905,@see,2.3944916572660144,THEN,2.223942535557618,np,3.9735623257201453,4.,-6.100408379158917,X,-6.218265996557189,ima,-5.842190781066134,fajla,-5.907271586318764,3,-6.078223923671614,Datum,-6.035174576632365,metodu,-5.749620772692804,vrednost,-6.100408379158917,X,-6.203779645530485,broja,-6.078223923671614,Datum,-6.035174576632365,metodu,-5.749620772692804,vrednost,-6.299683519111223,broja,-6.195311014856324,SELECT
-1.5691349274718371,se,-1.5691337029174464,se,1.2965078568522574,dodati,-2.3108774453495635,max_n,-2.1772329596941273,pozivanje,3.955355745170378,26,-6.105476066900231,s,-6.244746217989986,=,-5.860199341814825,niti,-5.92804078154741,sve,-6.1076711973015065,U,-6.049986898461787,kao,-5.7946990175258035,Upit,-6.105476066900231,s,-6.233169013017102,ili,-6.1076711973015065,U,-6.049986898461787,kao,-5.7946990175258035,Upit,-6.328945367321508,ili,-6.200469185578064,ne
1.552661863880398,tf,1.5526616599412733,tf,1.2938202017591587,plt,2.3025354130211135,np,2.1527495451920102,[,3.9535091273310887,cpp,-6.116422604512705,FROM,-6.247582369639753,koja,-5.889068052307353,treba,-5.932082598639795,of,-6.1076711973015065,//,-6.050256606334405,slozenost,-5.8058664005919205,funkcije,-6.116422604512705,FROM,-6.237322692108841,dodavanje,-6.1076711973015065,//,-6.050256606334405,slozenost,-5.8058664005919205,funkcije,-6.333080720934319,dodavanje,-6.219280038799859,koja
-1.5468032609500373,abc,-1.5468044142455843,abc,1.2913166004545058,naredbu,2.191669191948312,DAY,-2.101905812136105,i,3.9271378850043717,Halim,-6.1503569099422375,in,-6.316999779768405,"""""",-5.92966257801761,li,-5.956272906471499,iz,-6.1076711973015065,Halim,-6.050256606334405,Vremenska,-5.814343158275528,Korišćenje,-6.1503569099422375,in,-6.256554852022653,1,-6.1076711973015065,Halim,-6.050256606334405,Vremenska,-5.814343158275528,Korišćenje,-6.352227036365894,1,-6.227359890848115,treba
1.5396201464265864,+,1.539619294896371,+,1.2874262428664447,Halim,2.191669191948312,CURRENT_TIMESTAMP,2.093694792855035,ENDS,3.9271378850043717,Poboljsati,-6.151001441828063,%,-6.370571143770835,kao,-6.004496606691507,Redni,-5.9732350588335255,@module,-6.1076711973015065,ZBIRCI,-6.058162061860999,biti,-5.814734760999371,Brisanje,-6.151001441828063,%,-6.268676372336616,=,-6.1076711973015065,ZBIRCI,-6.058162061860999,biti,-5.814734760999371,Brisanje,-6.364293600672344,=,-6.239411464615795,!
1.5319694502455223,WHEN,1.5319683413613066,WHEN,1.2874252899727456,26,2.1865399429306622,ENDS,2.0343379288662886,CURRENT_TIMESTAMP,3.9137958157872603,2020,-6.164539555942602,len,-6.38821812213732,2,-6.0359676744248665,o,-6.02304481378707,samo,-6.127085494854235,April,-6.071881169528215,bi,-5.824172739247708,kao,-6.164539555942602,len,-6.2869421482297625,niti,-6.127085494854235,April,-6.071881169528215,bi,-5.824172739247708,kao,-6.382475301365069,niti,-6.2804855698316,-
1.5319694502455223,THEN,1.5319683413613066,THEN,1.2874246347751317,Poboljsati,2.180218975146928,public,2.0343379288662886,DAY,3.896989327430186,naredni,-6.193502739536964,]],-6.392316448762578,niz,-6.105568556599598,Vraća,-6.03353611448827,koje,-6.163263955751578,<,-6.090943753473033,vrednosti,-5.869607107845461,redova,-6.193502739536964,]],-6.2964120604099465,::,-6.163263955751578,<,-6.090943753473033,vrednosti,-5.869607107845461,redova,-6.391901019251481,::,-6.338882537023332,4
-1.5280938869847607,r,-1.52809215939865,r,1.2746976953908706,Obratite,-2.1765066196959433,pozivanje,-2.015751657281927,model2,3.8913428642957117,koda,-6.199273313121836,keys,-6.394882857373306,nema,-6.1185439423299375,=,-6.043634920893515,koju,-6.206916049793269,Vaxi,-6.096617596138935,mora,-5.897795708156018,6,-6.199273313121836,keys,-6.308965880074513,/,-6.206916049793269,Vaxi,-6.096617596138935,mora,-5.897795708156018,6,-6.404395606793549,/,-6.373176234822557,@author
1.5154531387031347,import,1.5154559811465602,import,1.2691670883701196,)),2.1664939944851302,sys,2.015177712369503,]],3.878475150796231,ovo,-6.203734423658173,data,-6.396267469821201,svih,-6.121396302181658,ne,-6.045559215469545,2,-6.218075001948419,thread,-6.122959764049208,ThematicProps,-5.9393177400930375,funkciju,-6.203734423658173,data,-6.3171199340602255,"""""",-6.218075001948419,thread,-6.122959764049208,ThematicProps,-5.9393177400930375,funkciju,-6.412510789512127,"""""",-6.439646499350607,`
1.5138568394962162,\,1.5138560040385651,\,1.2597889619798104,if,2.135331426438309,]],1.9995601676088492,JOIN,3.767011876770754,)),-6.220845861478468,<,-6.39779700955834,niti,-6.125268169953898,obavestenja,-6.052311467170307,Transact-SQL,-6.218075001948419,event,-6.124681237256043,samo,-5.948286508988413,će,-6.220845861478468,<,-6.3236543132858545,tabele,-6.218075001948419,event,-6.124681237256043,samo,-5.948286508988413,će,-6.419013790155412,tabele,-6.460686420577026,h
1.4879613598087622,SELECT,1.4879578592134217,SELECT,1.2283552845607892,koda,-2.0881441190602743,neuron,1.9941482219533033,public,3.7602058328904544,import,-6.22794979848946,DECLARE,-6.4173810795480914,onda,-6.135490530679251,rbr,-6.079610395806647,skripta,-6.218075001948419,tControl,-6.138597975042956,koje,-5.9521861054612035,tabelu,-6.22794979848946,DECLARE,-6.370330248855407,bi,-6.218075001948419,tControl,-6.138597975042956,koje,-5.9521861054612035,tabelu,-6.465459550624205,bi,-6.49490412330483,su
1.4637941498333302,<<,1.463794937880697,<<,1.2257603962128705,proveriti,2.0770719711614927,JOIN,1.9467964591708682,False,3.7518044578317293,!,-6.266099302636543,new,-6.421338402918661,baze,-6.13957439576817,Parametri,-6.081875726409679,akciju,-6.228585144605521,auto-generated,-6.162524368247427,nije,-5.955333153583805,procedure,-6.266099302636543,new,-6.373992715529058,"""",-6.228585144605521,auto-generated,-6.162524368247427,nije,-5.955333153583805,procedure,-6.469103500040834,"""",-6.552031038838912,a
1.4608926747576185,val,1.4608884543300669,val,1.1993491451325782,window_sum,2.0506435479632956,bbc,1.92868678031844,sys,3.6947982870597342,prirodnih,-6.3111086525598195,GO,-6.4257830125621265,Ako,-6.141026926509828,vrednost,-6.094288998181645,Purpose,-6.228585144605521,code,-6.179728691597103,to,-5.957941818651248,naredni,-6.3111086525598195,GO,-6.387512589796771,niza,-6.228585144605521,code,-6.179728691597103,to,-5.957941818651248,naredni,-6.482554431210222,niza,-6.5695505085648245,kao
1.4543193286106322,AND,1.4543196424919023,AND,1.1963299668799732,4.,2.0329768667563846,gb_grid,1.921154437227296,best_params_,-3.679678120231591,^,-6.328569743469502,this,-6.429152740830977,bi,-6.146909044006967,zaposlenog,-6.094288998181645,Class,-6.22933959121959,),-6.185369767749009,ili,-5.971715370271494,ne,-6.328569743469502,this,-6.399262339156742,',-6.22933959121959,),-6.185369767749009,ili,-5.971715370271494,ne,-6.494243506235877,',-6.574332550181246,cpp
-1.4538023106623992,fajla,-1.4538017731482011,fajla,1.185469985191585,public,2.0329768667563846,best_params_,1.921154437227296,gb_grid,3.6752321937551966,naredbu,-6.334038057494499,((,-6.441209663209131,for,-6.163042280049997,simulira,-6.094288998181645,Definition,-6.22933959121959,(,-6.24540136965813,moze,-5.990999771576115,po,-6.334038057494499,((,-6.403041007013879,vrednost,-6.22933959121959,(,-6.24540136965813,moze,-5.990999771576115,po,-6.498002510294979,vrednost,-6.589379557420499,{
-1.453776156183991,update,-1.453774513299376,update,1.1811685028561598,prirodnih,2.025798455132183,False,1.9133694718445544,bbc,3.650322471840706,window_sum,-6.357832160269764,y,-6.441533625786006,fajl,-6.204872596317134,bi,-6.120601822444311,komponenta,-6.242197074707432,12:03:36,-6.26294591821719,-,-6.035043120888983,su,-6.357832160269764,y,-6.41911450973259,treba,-6.242197074707432,12:03:36,-6.26294591821719,-,-6.035043120888983,su,-6.51399153730172,treba,-6.5930392057306895,np
-1.435521626921195,b,-1.4355241008707125,b,1.160555201324167,kasnije,-1.9995782917852651,model2,1.8822497507153648,AND,3.6190405379477433,if,-6.36025429200237,False,-6.448632717074835,provera,-6.223639485817278,vraca,-6.128858765762411,poziva,-6.242197074707432,View,-6.270608465815321,po,-6.043105540569742,od,-6.36025429200237,False,-6.451909848613909,ima,-6.242197074707432,View,-6.270608465815321,po,-6.043105540569742,od,-6.546610271065752,ima,-6.655453219401082,dbo
1.4095445393009567,=[,1.4095454100058882,=[,1.1586169432335272,Javi,1.9951623657510442,AND,-1.8708399012988521,file,3.6123295911601514,.,-6.3634405857701495,list,-6.452265249354082,vrednost,-6.241889440141169,id,-6.172829968771703,Izračunavanje,-6.308181026692848,igor,-6.285507468285417,dijagnostika,-6.064786106140459,-,-6.3634405857701495,list,-6.474826829933727,2,-6.308181026692848,igor,-6.285507468285417,dijagnostika,-6.064786106140459,-,-6.569400379011406,2,-6.683255327728114,}
1.3955558320968506,index,1.3955553903345455,index,1.1394907919592243,],1.9616904874052232,()),1.8583537179391245,()),3.6084204398828232,proveriti,-6.37975212400504,SET,-6.46638151524304,unos,-6.26634818167259,ili,-6.209593217039684,paketa,-6.308506325843617,Vedran,-6.306097869738328,potrebno,-6.069753360426842,koje,-6.37975212400504,SET,-6.489052037294348,kao,-6.308506325843617,Vedran,-6.306097869738328,potrebno,-6.069753360426842,koje,-6.5835453657182,kao,-6.690883311175954,>
1.3784102252893906,),1.3784095575463666,),1.1337632195480696,ispitati,-1.941601140216314,b,-1.7910155787643143,do,3.583918417248493,dodaj,-6.444372115504456,same,-6.483037829323592,liste,-6.273947782600161,ako,-6.218366761830965,SQL,-6.308506325843617,Vidakovic,-6.313875144484914,Ovo,-6.0742930029986395,?,-6.444372115504456,same,-6.494863193519272,fajla,-6.308506325843617,Vidakovic,-6.313875144484914,Ovo,-6.0742930029986395,?,-6.589323423061019,fajla,-6.704943991031064,od
1.3767525068052466,()),1.3767541365673772,()),1.121724689582925,destruktor,1.9401073104191353,as,-1.7829166330630104,koji,-3.51612786570419,Funkcija,-6.448845870886771,activation,-6.508307010003219,1,-6.279469722060216,osnovu,-6.260709571929193,Transakcije,-6.334996937713618,>,-6.332435251251138,0,-6.144529732362591,napisani,-6.448845870886771,activation,-6.496123944905918,Klasa,-6.334996937713618,>,-6.332435251251138,0,-6.144529732362591,napisani,-6.590576968243866,Klasa,-6.713941483182746,tf
-1.3752253597504507,USART3,-1.3752264067936175,USART3,-1.117569799647209,karaktera,1.936567456089545,"""""",-1.7664619138363336,b,-3.45041589922408,li,-6.472254705094989,PRINT,-6.533505625932037,to,-6.30100507534023,predmet,-6.270610761379595,ilustruje,-6.3526517862363585,Abdullah,-6.33771608518546,{,-6.1746479063362285,broj,-6.472254705094989,PRINT,-6.519137711234294,korisnika,-6.3526517862363585,Abdullah,-6.33771608518546,{,-6.1746479063362285,broj,-6.613457592593182,korisnika,-6.745582687954944,+
-1.3752253597504507,USART_SendData,-1.3752264067936175,USART_SendData,1.102084290838741,ovo,-1.918588343714557,koji,1.7639293311056499,X,3.341816467012189,public,-6.478803269804772,public,-6.558210146399212,prvi,-6.3444361723806555,nit,-6.287431339955065,tabele,-6.354324153317239,Copyright,-6.339469533983512,U,-6.1964331627538956,JOIN,-6.478803269804772,public,-6.528955884973113,baze,-6.354324153317239,Copyright,-6.339469533983512,U,-6.1964331627538956,JOIN,-6.623218031474347,baze,-6.751740826856483,koje
1.3716736092744792,Point,1.371674220968077,Point,1.0975192238240592,Server,-1.9078442792299224,do,1.7326506829583863,"""""",3.3234800954318966,plt,-6.4812288065917905,AND,-6.561579188701362,kraj,-6.361874884203936,zahteva,-6.294273366788538,korisnika,-6.3619705721733855,za,-6.343330896539764,verzijama,-6.272013524876455,7,-6.4812288065917905,AND,-6.529418788644373,metoda,-6.3619705721733855,za,-6.343330896539764,verzijama,-6.272013524876455,7,-6.623678199148412,metoda,-6.7537535338306505,po
1.370888369626941,'',1.3708876661705411,'',1.0927724889125776,dodaj,-1.8518383828331098,iz,1.7301069387724226,as,3.282454870765747,senzorima,-6.493037468025857,->,-6.570409639382585,korisnik,-6.363936040684861,poziva,-6.295436440425069,funkcije,-6.3619705721733855,i,-6.367948779896311,paznju,-6.294615986399485,=,-6.493037468025857,->,-6.537070059122851,prikaz,-6.3619705721733855,i,-6.367948779896311,paznju,-6.294615986399485,=,-6.631284063845954,prikaz,-6.753820102017049,6
1.370888369626941,ELSE,1.3708876661705411,ELSE,1.0900405551076575,implementirati,-1.8328665101595087,file,-1.7251674569480606,treniranje,3.271460981814203,potrebno,-6.496376666399901,shape,-6.571021836291875,korisnika,-6.369391957327571,su,-6.295749548935368,Stranica,-6.374526949283984,Sefer,-6.374746341851828,%,-6.298049591672213,sve,-6.496376666399901,shape,-6.540358810146261,fajl,-6.374526949283984,Sefer,-6.374746341851828,%,-6.298049591672213,sve,-6.634553191697751,fajl,-6.7547873876512385,Napisati
1.36786745584942,max-min,1.3678667011523105,ones,1.0735877717627522,ZBIRCI,1.8196776716421383,OrderDetails,-1.6993638156164406,err,3.211352479419608,ispitati,-6.49662869189015,import,-6.581072582041042,do,-6.39970481888907,"""""",-6.296108182907235,Indeksi,-6.374526949283984,Kuduzovic,-6.385349565021711,Radi,-6.31732913988411,tako,-6.49662869189015,import,-6.546608044776214,niz,-6.374526949283984,Kuduzovic,-6.385349565021711,Radi,-6.31732913988411,tako,-6.640764961451827,niz,-6.774615332512814,Selektujte
1.36786745584942,ones,1.3678667011523102,max-min,1.059682408116384,pravougaonike,1.807715795906059,alter,1.6922381771917339,OrderDetails,3.1902412497751764,destruktor,-6.513507619510031,5,-6.591642437432593,!,-6.459638390342782,>,-6.323800913126679,administrator,-6.384287401465704,Jun,-6.385349565021711,novijim,-6.324975354270398,samo,-6.513507619510031,5,-6.623218324034015,koju,-6.384287401465704,Jun,-6.385349565021711,novijim,-6.324975354270398,samo,-6.716896532768773,koju,-6.7791854520466535,podataka
1.3658793397495095,np,1.365875315277417,np,1.0545362420242368,senzorima,-1.8032825239793238,funkcije,1.6863760903538185,40,3.1678801195850097,File,-6.533580772515218,uniqueValues,-6.6053604941330395,funkcije,-6.4690207563766515,<,-6.335075273664122,"""""",-6.384287401465704,25,-6.400264488246007,koda,-6.333223810485966,!,-6.533580772515218,uniqueValues,-6.639160652079822,funkcije,-6.384287401465704,25,-6.400264488246007,koda,-6.333223810485966,!,-6.732734579936539,funkcije,-6.783904636451429,funkcije
1.3595806500394039,],1.3595794209040382,],1.040197914492043,testu,1.7511578823551974,40,1.6809284291862614,alter,-3.1670499567828663,karaktera,-6.534366552351051,matches,-6.606412299886394,kroz,-6.487786385166938,predmetu,-6.337025047318969,komunikaciju,-6.384287401465704,on,-6.401863704720149,Potrebno,-6.342300644621584,bez,-6.534366552351051,matches,-6.650122138840395,procesa,-6.384287401465704,on,-6.401863704720149,Potrebno,-6.342300644621584,bez,-6.743623401970711,procesa,-6.7863224770649815,Sales
-1.3582451640530664,na,-1.3582475696891487,na,1.0377307026286178,Obrišite,-1.7081067061835038,treniranje,1.6663774865805123,<<,3.1602624637827863,kasnije,-6.535414409087339,int,-6.618552225198499,stanje,-6.497369538144086,novog,-6.3524810222804255,kod,-6.384287401465704,Thu,-6.407054251873538,1,-6.388566344090918,niti,-6.535414409087339,int,-6.661479129504377,liste,-6.384287401465704,Thu,-6.407054251873538,1,-6.388566344090918,niti,-6.754904266865503,liste,-6.792791674113734,vrednost
-1.3579465547436071,a,-1.357944763299396,a,1.03432188244105,GET,1.6975349890296627,ComponentAttribute,-1.6600824198916848,iz,3.15263066209588,implementirati,-6.53639409438302,size,-6.619180093080571,"""",-6.497954465831834,{,-6.377625089606258,5,-6.393704854594631,Microsoft,-6.429450669918998,;,-6.416116888036876,tabela,-6.53639409438302,size,-6.6889862847819685,predmet,-6.393704854594631,Microsoft,-6.429450669918998,;,-6.416116888036876,tabela,-6.782223444000486,predmet,-6.810089502883529,GET
1.342618452055177,same,1.3426150842137483,same,1.025385037404797,Izvrsiti,1.6975349890296627,MyComponent,-1.6542403157486438,startup_stm32f10x_xx,3.1472419336598305,GET,-6.5389888073489955,-,-6.626206978045734,dodavanje,-6.497954465831834,},-6.387944295665334,prilikom,-6.413045977899706,Version,-6.435788276207861,PropAds,-6.421617555055904,li,-6.5389888073489955,-,-6.689469311178918,to,-6.413045977899706,Version,-6.435788276207861,PropAds,-6.421617555055904,li,-6.782703123400625,to,-6.812669873852695,?
1.3379393151661196,CURRENT_TIMESTAMP,1.337937830503765,CURRENT_TIMESTAMP,1.0246732416283568,api,1.6975349890296627,Attribute,-1.6461572595718512,neuron,3.116308070732987,pravougaonike,-6.540635637076517,-1,-6.626896420351719,tip,-6.498202374522128,string,-6.4051352328570434,prozor,-6.41963925687293,Source,-6.44478477749043,Create,-6.425616892515947,kolonu,-6.540635637076517,-1,-6.695048986519385,brojeva,-6.41963925687293,Source,-6.44478477749043,Create,-6.425616892515947,kolonu,-6.7882440193243125,brojeva,-6.8144546338833845,izvrsite
1.3379393151661196,DAY,1.337937830503765,DAY,-1.0191255249867954,Funkcija,1.6975349890296627,IComponent,1.6434375102928451,MyComponent,3.1088303622753486,Server,-6.540892752824522,window_sum,-6.639111798159773,te,-6.509803327230092,ID,-6.428114967643033,obradu,-6.41963925687293,Server,-6.447111620390989,Obratite,-6.435948276392964,WHERE,-6.540892752824522,window_sum,-6.701740418950929,for,-6.41963925687293,Server,-6.447111620390989,Obratite,-6.435948276392964,WHERE,-6.794888661249701,for,-6.839011188022177,Kreiranje
1.3241920222536208,d,1.3241929354840365,d,1.0135659175509613,ta,1.6946579989732693,table,1.6434375102928451,Attribute,3.0558721846349637,Javi,-6.585836446939716,train,-6.642614592183264,structure,-6.535750880943887,kako,-6.436831560980575,{,-6.442241480051451,Grupa,-6.452936456388754,},-6.438199901862754,program,-6.585836446939716,train,-6.709798593784301,nema,-6.442241480051451,Grupa,-6.452936456388754,},-6.438199901862754,program,-6.802890074297695,nema,-6.8418902219397,vraca
1.3219485416054173,gb_grid,1.3219476289494925,gb_grid,1.0051038178267413,Uocite,1.666410608523197,@PKTable,1.6434375102928451,IComponent,3.012499280579102,ELSE,-6.634145329753066,layers,-6.646697228145831,Ukoliko,-6.538052209141492,vesti,-6.436831560980575,},-6.442241480051451,Multimediju,-6.453124333777688,::,-6.443225937228461,ima,-6.634145329753066,layers,-6.716355803715854,korisnik,-6.442241480051451,Multimediju,-6.453124333777688,::,-6.443225937228461,ima,-6.809400758915075,korisnik,-6.863025880282993,kolone
1.3219485416054173,best_params_,1.3219476289494925,best_params_,1.0044368745981302,ELSE,1.6639761380914526,input_size,1.6434375102928451,ComponentAttribute,3.0000066787400925,[,-6.647363912772643,Dense,-6.66583114712598,podatke,-6.547472483789582,fajl,-6.436831560980575,@link,-6.442241480051451,Interakciju,-6.468340375385844,2005,-6.491171946047895,o,-6.647363912772643,Dense,-6.717712881038539,podatke,-6.442241480051451,Interakciju,-6.468340375385844,2005,-6.491171946047895,o,-6.810748169488834,podatke,-6.877756427890495,api
1.320948861054815,fniz,1.3209511018668747,fniz,0.9980153979900742,konkurentni,-1.6613006435335258,funkcija,1.6357334979782399,->,2.9972083159658403,ta,-6.660866093241722,d,-6.675533927319112,elemenata,-6.5480821721562315,DODAVANJE,-6.452307147551782,NIZ,-6.442241480051451,<copyright>,-6.479422257580196,koji,-6.497403093615368,elemenata,-6.660866093241722,d,-6.730380801995711,provera,-6.442241480051451,<copyright>,-6.479422257580196,koji,-6.497403093615368,elemenata,-6.8233252231259165,provera,-6.88624191759086,samo
1.2827114699396125,range,1.2827070804361025,range,-0.9950218969818735,Metoda,1.6597444227634826,((,1.5997061983003336,s,2.996201935934112,referenci,-6.681738797416905,=(,-6.676073887751006,Kreiranje,-6.549922605177862,vraća,-6.460783265564257,broj,-6.442241480051451,Grafiku,-6.507007399930271,DEMO,-6.498221641471776,dbo,-6.681738797416905,=(,-6.742451856359349,Ako,-6.442241480051451,Grafiku,-6.507007399930271,DEMO,-6.498221641471776,dbo,-6.835308621711704,Ako,-6.886866716355187,naredbu
1.2826465530968247,]],1.2826465767228123,]],0.9916004760365293,(,-1.6560592305005415,err,-1.5839393049681563,poziv,2.9918930684195724,fensi,-6.687522406033223,CONVERT,-6.704143941437259,a,-6.55369654992815,id_procesa,-6.4616385673595715,svih,-6.442241480051451,</copyright>,-6.515353583079335,jer,-6.506302929164956,nit,-6.687522406033223,CONVERT,-6.75441074956284,stanje,-6.442241480051451,</copyright>,-6.515353583079335,jer,-6.506302929164956,nit,-6.847179631646828,stanje,-6.900595018561671,ovo
1.281814650150368,ComponentAttribute,1.2818139688236911,ComponentAttribute,0.9906726547818671,!,1.649740034215707,X,-1.5836480302913398,funkcije,-2.980097900435683,Metoda,-6.6976008357658,n,-6.708785012409978,Broj,-6.556281571084123,prikaz,-6.4636139398750965,klijentom,-6.543294857924937,17,-6.51877370751895,od,-6.531004639373755,8,-6.6976008357658,n,-6.7555526717629775,a,-6.543294857924937,17,-6.51877370751895,od,-6.531004639373755,8,-6.8483131074195835,a,-6.94827755042979,broj
1.281814650150368,Attribute,1.2818139688236911,Attribute,0.976250218634172,Implementirati,1.647546352446842,last_active_at,1.5821888700272937,input_size,2.932405537911436,ZBIRCI,-6.7055403636060795,is,-6.711996468967185,treba,-6.573219203497201,po,-6.466318182484007,datoteke,-6.550557852825136,to,-6.523384260904314,ce,-6.544323036736471,vratiti,-6.7055403636060795,is,-6.768320143028317,studenta,-6.550557852825136,to,-6.523384260904314,ce,-6.544323036736471,vratiti,-6.860985487063029,studenta,-6.9529138981116105,plt
1.2818137727332528,IComponent,1.2818120206797348,IComponent,0.9729570703109098,STARTS,1.647546352446842,IS,1.5789147050074313,@PKTable,2.928275060427257,Obrišite,-6.719506751439275,string,-6.714198288260285,radi,-6.580011773262973,korisnika,-6.486483329715253,4,-6.630074601011684,<author>,-6.525889883282291,metoda,-6.548070869173464,Zadatak,-6.719506751439275,string,-6.7990303544874,unos,-6.630074601011684,<author>,-6.525889883282291,metoda,-6.548070869173464,Zadatak,-6.891461974180245,unos,-6.964562698615661,%
1.2818137727332528,MyComponent,1.2818120206797348,MyComponent,0.9628701201904295,fensi,1.6420574364963325,->,1.5702071847682193,table,2.919388379865127,kreirani,-6.730244071445173,niz,-6.720370192681952,postoji,-6.586452332685761,proces,-6.502742689566398,studenta,-6.630074601011684,</author>,-6.57330441911014,iz,-6.550574246441482,pogled,-6.730244071445173,niz,-6.808510965685207,ce,-6.630074601011684,</author>,-6.57330441911014,iz,-6.550574246441482,pogled,-6.900868981172918,ce,-6.967439420505277,<
-1.2733396952572902,petlje,-1.2733414370618454,petlje,0.9625032310749778,potrebno,1.6395379358966786,index,1.5412732617557263,02,2.9193584398421772,da,-6.794936411181678,6,-6.725465357056471,ucitaj,-6.5916287265418125,vrsi,-6.512705404279449,dva,-6.637349392868152,Wednesday,-6.5851976793669165,edicijama,-6.553105848103797,izbaciti,-6.794936411181678,6,-6.81118176547049,onda,-6.637349392868152,Wednesday,-6.5851976793669165,edicijama,-6.553105848103797,izbaciti,-6.90351892048006,onda,-6.992880580153792,to
1.265022164802602,public,1.2650225089406701,public,0.9580430268945004,resurs,1.6246062694084955,<<,1.5392689056249031,((,2.910400936326782,STARTS,-6.800038776689778,tacn,-6.7493547953368385,moze,-6.6022254502449105,ime,-6.514467156391521,podatke,-6.649755454554898,grafik3,-6.5851976793669165,svim,-6.557528916850769,',-6.800038776689778,tacn,-6.817181351444891,postoji,-6.649755454554898,grafik3,-6.5851976793669165,svim,-6.557528916850769,',-6.909471444199699,postoji,-6.9958112325035815,Upit
1.262768831276471,input_shape,1.2627675231276279,40,0.9571314606260745,from,1.6112111855325222,val,-1.5375323532793508,dbo,2.8931699929858707,CURRENT_TIMESTAMP,-6.827418240481905,relu,-6.764276116922407,brojeva,-6.605896094005452,kada,-6.521361169469691,dodavanje,-6.649755454554898,izraz3,-6.595393956722733,broj,-6.58448094721202,Production,-6.827418240481905,relu,-6.818315968515909,Metoda,-6.649755454554898,izraz3,-6.595393956722733,broj,-6.58448094721202,Production,-6.91059712950859,Metoda,-7.008693844699941,self
1.2627688312764709,40,1.2627675231276272,input_shape,0.9561011833866849,Dodati,-1.6067348705344873,samo,1.5372790783492971,last_active_at,2.8931699929858707,DAY,-6.839072403677656,a,-6.809381999083776,predmet,-6.625627197954543,the,-6.525964081234704,obavestenja,-6.649755454554898,fibo,-6.646872760327096,tako,-6.602640299439045,a,-6.839072403677656,a,-6.830942461608158,do,-6.649755454554898,fibo,-6.646872760327096,tako,-6.602640299439045,a,-6.923123544752902,do,-7.009545707872126,bi
1.2552024763938079,f,1.2551992798893428,f,0.9553330148072605,referenci,-1.6057046047618406,startup_stm32f10x_xx,1.5372790783492971,IS,2.885870858311651,JOIN,-6.843439743456408,target,-6.81109447894749,lista,-6.629354843514984,name,-6.538315938608216,n,-6.649755454554898,velceo,-6.662140602486742,model2,-6.606480178944587,Obratite,-6.843439743456408,target,-6.832845744922809,!,-6.649755454554898,velceo,-6.662140602486742,model2,-6.606480178944587,Obratite,-6.925011633585407,!,-7.011319894375028,if
1.2422282498626538,False,1.242224790362782,False,-0.9513577448752745,neuron,1.578885422565815,02,-1.5369662309566656,ZAPOSLENI,2.8519987358143073,sta,-6.85810865646744,cv,-6.811442385055525,listu,-6.651355905210039,NOVOG,-6.54818334945762,vrednosti,-6.649755454554898,zbir1,-6.662715552420213,primer,-6.613345913180082,ili,-6.85810865646744,cv,-6.842526861721725,dohvatanje,-6.649755454554898,zbir1,-6.662715552420213,primer,-6.613345913180082,ili,-6.934615017479992,dohvatanje,-7.015079501084575,Korišćenje
-1.2400229226578565,i-1,-1.2400242854840737,i-1,-0.9512726324047711,ZAPOSLENI,-1.5687696701459732,koja,-1.5144242481239465,po,2.8458051226993284,testu,-6.862489302311471,inputs,-6.817079429737307,fajla,-6.651479596509526,podataka,-6.594588281241954,kao,-6.649755454554898,zbir2,-6.664372516650077,poziva,-6.61532432313982,prethodno,-6.862489302311471,inputs,-6.843585335206124,DEMO,-6.649755454554898,zbir2,-6.664372516650077,poziva,-6.61532432313982,prethodno,-6.9356649467708005,DEMO,-7.015463536990168,Brisanje
-1.2323030834642494,tacn_corr,-1.2323010042967428,tacn_corr,-0.9481094516841914,li,1.513519258815756,pm,-1.5007340142919081,USART_SendData,2.8424523996706657,",",-6.864182918643997,0.01,-6.8210058492140675,jer,-6.658807797043103,ce,-6.60739945473384,klasu,-6.649755454554898,krug,-6.683962386752809,pa,-6.633316051179525,kod,-6.864182918643997,0.01,-6.846772298388236,prvi,-6.649755454554898,krug,-6.683962386752809,pa,-6.633316051179525,kod,-6.938826129963305,prvi,-7.0248099042133045,funkciju
-1.2323030834642494,koriscenje,-1.2323010042967428,nbc_obicno,0.946464074598588,self,-1.512772121782712,poziv,-1.5007340142919081,USART3,2.838097217303281,FROM,-6.871990790618725,val,-6.829236690426869,ovo,-6.660469503751945,@link,-6.614570702781354,ili,-6.649755454554898,premesti,-6.7004806673406,kod,-6.6355182150637635,Testiranje,-6.871990790618725,val,-6.858727238329369,vraca,-6.649755454554898,premesti,-6.7004806673406,kod,-6.6355182150637635,Testiranje,-6.950683634507385,vraca,-7.029084054166903,j
-1.2323030834642494,Korelacija,-1.2323010042967428,koriscenje,0.9445703847251016,sta,-1.5075755650133824,*,1.496403438876035,index,2.826137847801422,api,-6.875321295122878,3,-6.846026181650994,memorije,-6.676456965980142,vrednosti,-6.615189705181412,moze,-6.649755454554898,string4,-6.707379599337072,ako,-6.643791757350288,/,-6.875321295122878,3,-6.859426126901192,elemenata,-6.649755454554898,string4,-6.707379599337072,ako,-6.643791757350288,/,-6.951376791159955,elemenata,-7.049415217308108,redova
-1.2323030834642494,korelacije,-1.2323010042967428,Korelacija,0.9422515940359523,kreirani,1.5071081533295991,##,-1.492236776326028,funkcija,2.7922514179613818,resurs,-6.886046656819469,sys,-6.848081931592339,sto,-6.728816192561733,brisanje,-6.624357030007737,sistema,-6.649755454554898,minimt2,-6.728964235611797,?,-6.644093443514405,bi,-6.886046656819469,sys,-6.85963769105095,kroz,-6.649755454554898,minimt2,-6.728964235611797,?,-6.644093443514405,bi,-6.951586619387443,kroz,-7.054683755972521,će
-1.2323030834642494,nbc_obicno,-1.2323010042967428,korelacije,-0.9391909753476777,id,-1.5056414250003176,broj,-1.4913512866690375,samo,2.7851244197994274,from,-6.887438844132625,model,-6.8518781931408,dok,-6.733526481633298,klase,-6.631703932300516,strane,-6.649755454554898,tijanav,-6.736780698034421,Delete,-6.6485441773370875,niz,-6.887438844132625,model,-6.860674957576903,biti,-6.649755454554898,tijanav,-6.736780698034421,Delete,-6.6485441773370875,niz,-6.952615369680439,biti,-7.057198163880313,ili
-1.2278008390043629,4,-1.2277995299227134,4,0.9374512862504402,tensor,1.5015516253436862,g_ls,1.482933886123219,ones,2.7823875189487604,),-6.889536598395137,X_test,-6.862088404237145,0,-6.74393090110424,</param>,-6.663205494743248,informacije,-6.649755454554898,razmak1,-6.736780698034421,PUT,-6.65507775773092,dodati,-6.889536598395137,X_test,-6.880872478650266,ime,-6.649755454554898,razmak1,-6.736780698034421,PUT,-6.65507775773092,dodati,-6.9726453056404365,ime,-7.06988677804538,U
1.2245812354225656,console,1.2245806221645243,console,-0.9372923018402772,memorije,1.5015516253436862,d_ls,1.4428966893403135,pm,2.7776214297031894,5,-6.8931841124708635,lock,-6.869588251231973,biti,-6.74393090110424,param,-6.678111103654807,sumu,-6.649755454554898,tabpoli,-6.737789215630783,sto,-6.6557966546479115,9,-6.8931841124708635,lock,-6.881394018851001,te,-6.649755454554898,tabpoli,-6.737789215630783,sto,-6.6557966546479115,9,-6.973162473847467,te,-7.069990375707439,niz
-1.2229428241457718,moze,-1.222942400596351,Ovo,0.9351145087393585,POST,1.5015516253436862,1.5,-1.438306395760336,c,2.77690582914119,https://sendgrid.com/docs/User_Guide/Settings/tracking.html,-6.898871567539259,sum,-6.878707471294258,ispis,-6.77150687730885,biti,-6.692923653118083,Obrada,-6.649755454554898,matrica2,-6.743565103630217,X_test,-6.668924145000522,alijas,-6.898871567539259,sum,-6.885359368293184,radi,-6.649755454554898,matrica2,-6.743565103630217,X_test,-6.668924145000522,alijas,-6.977094508305203,radi,-7.08528560416833,Server
-1.2229428241457716,Ovo,-1.222942400596351,moze,0.9342404243063012,XML,1.4948812368096602,DECLARE,1.432373823000675,for,2.77690582914119,JOVICICA,-6.905884338968601,\,-6.886453213734877,ovde,-6.7728191043975805,imena,-6.704506537086447,Prikaz,-6.649755454554898,trougao,-6.755052908388764,sve,-6.672431576838461,parametar,-6.905884338968601,\,-6.889626051697373,Ukoliko,-6.649755454554898,trougao,-6.755052908388764,sve,-6.672431576838461,parametar,-6.981325198454134,Ukoliko,-7.0922929896964755,tako
1.2057058888325638,Trainer,1.2057059856576147,Trainer,0.9325175792582736,sys,1.4816058753765031,ones,1.420052139565018,val,2.77690582914119,PITATI,-6.93493214728112,key,-6.887321402502079,ce,-6.777969101144277,a,-6.7132402671727585,reprezentuje,-6.649755454554898,min3,-6.778288424482092,operator,-6.70205709761206,Napraviti,-6.93493214728112,key,-6.893887392472024,tip,-6.649755454554898,min3,-6.778288424482092,operator,-6.70205709761206,Napraviti,-6.985550438733979,tip,-7.107351766451795,vrednosti
1.1854249262835053,cv,1.1854250424217647,cv,0.93037280163053,File,1.4775068386221966,"1,2,5",1.4188772483629624,max-min,2.77690582914119,See,-6.950772719933939,var,-6.889427371890686,red,-6.788442271027811,niz,-6.723062734612484,svojstava,-6.649755454554898,magacin,-6.7804541119497115,std,-6.7148786818366055,okidača,-6.950772719933939,var,-6.903461905383038,moze,-6.649755454554898,magacin,-6.7804541119497115,std,-6.7148786818366055,okidača,-6.995043281419995,moze,-7.114546792911257,pozvati
