svm_y8_W,svm_y8_T,svm_y6_W,svm_y6_T,svm_y2_W,svm_y2_T,log_y8_W,log_y8_T,log_y6_W,log_y6_T,log_y2_W,log_y2_T,mnb_y8_code_W,mnb_y8_code_T,mnb_y8_functional-inline_W,mnb_y8_functional-inline_T,mnb_y8_functional-method_W,mnb_y8_functional-method_T,mnb_y8_functional-module_W,mnb_y8_functional-module_T,mnb_y8_general_W,mnb_y8_general_T,mnb_y8_ide_W,mnb_y8_ide_T,mnb_y8_notice_W,mnb_y8_notice_T,mnb_y8_todo_W,mnb_y8_todo_T,mnb_y6_code_W,mnb_y6_code_T,mnb_y6_functional_W,mnb_y6_functional_T,mnb_y6_general_W,mnb_y6_general_T,mnb_y6_ide_W,mnb_y6_ide_T,mnb_y6_notice_W,mnb_y6_notice_T,mnb_y6_todo_W,mnb_y6_todo_T,mnb_y2_functional_W,mnb_y2_functional_T,mnb_y2_non-functional_W,mnb_y2_non-functional_T
1.8105577817068645,.file_name,1.8105580564022328,setBlankPassword,1.713072031203571,.file_name,3.9403515642040725,;,3.735550282886315,;,6.306471405140056,TODO,-3.559536813268834,(,-3.8412714800422707,the,-3.7896178673448286,the,-3.843769322940518,.,-4.56701852888502,",",-3.998254986065162,:,-4.217465615544863,(,-4.302477046794935,:,-3.559536813268834,(,-3.7797488360992695,the,-4.56701852888502,",",-3.998254986065162,:,-4.217465615544863,(,-4.302477046794935,:,-3.7797488360992695,the,-3.9804677785783156,(
1.8105568914218881,setBlankPassword,1.810557962112848,.file_name,1.7130720289898882,setBlankPassword,3.1423092349175272,setBlankPassword,3.0492564811835066,setBlankPassword,4.571909470986771,;,-3.581889876015036,),-4.134062526291744,.,-4.028101875499563,.,-4.2783621579611735,the,-4.655753378205697,the,-4.533033850853645,;,-4.227296603099065,),-4.507892276704706,TODO,-3.581889876015036,),-3.9587739868656895,.,-4.655753378205697,the,-4.533033850853645,;,-4.227296603099065,),-4.507892276704706,TODO,-3.9587739868656895,.,-3.9959454417411884,)
1.245523134936304,;,1.2455239442499977,;,1.7130719392094438,stderr,3.1423092349175272,.file_name,3.0492564811835066,.file_name,3.9207277175389854,stderr,-3.8181163766308392,;,-4.549824559963549,to,-4.271502503754625,'',-4.911388297172375,a,-4.707009106147592,@,-4.801815972174942,`,-4.251292955467393,",",-4.606494253509246,the,-3.8181163766308392,;,-4.518627387063023,>,-4.707009106147592,@,-4.801815972174942,`,-4.251292955467393,",",-4.606494253509246,the,-4.518627387063023,>,-4.108804653490135,","
0.7153010846402509,' :,0.7153010593543926,' :,1.7094851514020237,ignored,-2.1786245946308513,.,1.906119677321928,=,3.9207252655248075,setBlankPassword,-4.019962246668193,",",-4.62380683004245,",",-4.301747697360244,@,-4.9375164980761745,",",-4.761034588577784,:,-5.30678506382822,!,-4.479966848891283,.,-4.758057609771553,.,-4.019962246668193,",",-4.559498157750739,to,-4.761034588577784,:,-5.30678506382822,!,-4.479966848891283,.,-4.758057609771553,.,-4.559498157750739,to,-4.284147584824807,:
0.6636159550669947,ParserElement.enablePackrat,0.6636159331151612,ParserElement.enablePackrat (,1.70260484694073,slow,2.108582424460677,=,-1.8741317044458081,.,3.9207252655248075,.file_name,-4.222371030670987,'',-4.75343789269539,>,-4.401568562808786,>,-4.944156628715453,to,-4.972157106378039,.,-5.40917621571702,TABLE,-4.6189277893355385,the,-4.848127452855462,TODO :,-4.222371030670987,'',-4.565936915427628,<,-4.972157106378039,.,-5.40917621571702,TABLE,-4.6189277893355385,the,-4.848127452855462,TODO :,-4.565936915427628,<,-4.605576386516301,;
0.6636159550669947,ParserElement.enablePackrat (,0.6636159331151612,ParserElement.enablePackrat,1.438996908334377,TODO,1.5855506095278573,' :,1.554757330034739,' :,3.8946860187108867,ignored,-4.326595786255085,=,-4.815417921825536,<,-4.450459463681722,<,-4.998927332251814,for,-5.043180861997314,<,-5.493495801040938,40 ALTER,-4.704319474774496,:,-5.080502931496497,to,-4.326595786255085,=,-4.643823389489391,*,-5.043180861997314,<,-5.493495801040938,40 ALTER,-4.704319474774496,:,-5.080502931496497,to,-4.643823389489391,*,-4.61926273153849,''
0.6636158247782278,ax.legend (,0.6636158938591485,ax.legend (,1.1924277822291314,not used,-1.5653222682614043,the,-1.4679265432188375,the,3.810124929070627,slow,-4.430695857337734,) ;,-4.958936183740282,*,-4.457162650438888,*,-5.056872577067236,<,-5.043180861997314,>,-5.493495801040938,40,-4.74327279292647,'',-5.306325454497763,",",-4.430695857337734,) ;,-4.690273580036101,'',-5.043180861997314,>,-5.493495801040938,40,-4.74327279292647,'',-5.306325454497763,",",-4.690273580036101,'',-4.664682376507105,the
0.6636158247782278,ax.legend,0.6636158938591485,ax.legend,1.1464087900345457,comment,1.3795729064254114,if (,1.3718090310125342,if (,3.755175537800693,FIXME,-4.480685440237879,<,-4.9977007271905265,is,-4.650734339978584,to,-5.079497976585214,is,-5.1083504970718945,*,-5.493495801040938,ALTER TABLE,-4.870158703335454,',-5.383763509535966,),-4.480685440237879,<,-4.692470417474973,",",-5.1083504970718945,*,-5.493495801040938,ALTER TABLE,-4.870158703335454,',-5.383763509535966,),-4.692470417474973,",",-4.6678921369261275,.
0.6362074785709204,# define,0.636207730713291,# define,1.1253692814264062,;,1.335750773576793,# define,-1.3102463299271396,:,3.740685421956109,comment,-4.511043365623232,``,-5.045317434582204,a,-4.7568357700190935,param,-5.079497976585214,>,-5.306281464792925,(,-5.493495801040938,ALTER,-5.125669393422684,to,-5.39999763229785,(,-4.511043365623232,``,-4.805673020268134,@,-5.306281464792925,(,-5.493495801040938,ALTER,-5.125669393422684,to,-5.39999763229785,(,-4.805673020268134,@,-4.90842602090179,<
0.6169789417617273,if (,0.616978727239942,if (,1.0685498792989119,noinspection,1.2691395612721807,# include,1.2953371548201216,# define,3.515833665480461,todo,-5.008455754319498,:,-5.232478774967067,for,-4.873843882892715,",",-5.2271859842327935,of,-5.334022494739464,),-5.493495801040938,TABLE `,-5.260518629137187,[,-5.559344549716078,a,-5.008455754319498,:,-4.887763358303228,a,-5.334022494739464,),-5.493495801040938,TABLE `,-5.260518629137187,[,-5.559344549716078,a,-4.887763358303228,a,-5.067666987244202,=
-0.5649578899672301,.,-0.5649584311350798,.,1.028226985038647,FIXME,-1.2117853640224587,for,1.2388126452668105,# include,3.336521391295306,noinspection,-5.052874603206465,( ),-5.253275721780583,of,-4.906684718749547,of,-5.400529397803524,and,-5.625932903300765,author,-5.493495801040938,KEYS,-5.277316336530309,>,-5.57872500126574,this,-5.052874603206465,( ),-4.987978158183663,of,-5.625932903300765,author,-5.493495801040938,KEYS,-5.277316336530309,>,-5.57872500126574,this,-4.987978158183663,of,-5.082156494543269,>
0.5430848420765562,=,0.5430855264778823,=,0.9726768766435033,eslint-disable-next-line,1.20275876235726,include,1.1893306140817173,include,3.0432171358477667,eslint-disable-next-line,-5.107320397261879,[,-5.318394817703483,in,-4.927996127331856,a,-5.421784183071847,*,-5.664325334338999,@ author,-5.493495801040938,! 40,-5.323540625414562,],-5.639227321363684,of,-5.107320397261879,[,-5.052050495682402,is,-5.664325334338999,@ author,-5.493495801040938,! 40,-5.323540625414562,],-5.639227321363684,of,-5.052050495682402,is,-5.17380033135926,``
0.5426322334940642,Map.OneOrMore ],0.5426321592877974,Map.OneOrMore,0.8629553825931747,todo,-1.1996626095895153,of,1.175115933464901,IF,2.7639780492975943,See,-5.107320397261879,],-5.328053617842146,and,-5.039940024279388,'' '',-5.559775406233501,that,-5.704250796748184,to,-5.723259457444754,public,-5.341440864699848,is,-5.748986501365698,is,-5.107320397261879,],-5.278587045951325,for,-5.704250796748184,to,-5.723259457444754,public,-5.341440864699848,is,-5.748986501365698,is,-5.278587045951325,for,-5.225781398163369,to
0.5426322334940642,Map.OneOrMore,0.5426321592877974,[ Map.OneOrMore,0.7561598435227888,noqa,1.1929224191145253,IF,1.1452147609118972,ParserElement.enablePackrat (,2.628937641998995,not used,-5.131593433618086,>,-5.423007989067731,we,-5.080920968726568,@ param,-5.597468310509228,'',-5.704250796748184,Copyright,-5.723259457444754,public ;,-5.397148336057522,<,-5.79650137697321,in,-5.131593433618086,>,-5.35380017544896,),-5.704250796748184,Copyright,-5.723259457444754,public ;,-5.397148336057522,<,-5.79650137697321,in,-5.35380017544896,),-5.304631332497808,'
0.5426322334940642,[ Map.OneOrMore,0.5426321592877974,Map.OneOrMore ],0.7437049785198224,under development,1.1760398477805805,ax.legend (,1.1452146600732287,ParserElement.enablePackrat,2.56710831811529,Select,-5.446674480257981,< <,-5.477846288996574,),-5.281777602597157,is,-5.663630000599135,),-5.724827654436943,of,-5.723259457444754,Name,-5.476607721428955,*,-5.821133164162876,for,-5.446674480257981,< <,-5.369546278050109,(,-5.724827654436943,of,-5.723259457444754,Name,-5.476607721428955,*,-5.821133164162876,for,-5.369546278050109,(,-5.310727053902763,*
0.5305753495046448,# include,0.530575350705621,# include,0.7204988374406817,ParserElement.enablePackrat (,1.1760398477805805,ax.legend,1.1438956205686353,ax.legend (,2.4651499018715217,Note,-5.446674480257981,'' '',-5.527933799429139,(,-5.302444832652022,:,-5.663630000599135,(,-5.745836830526287,License,-5.723259457444754,Schema :,-5.526052820903851,a,-5.821133164162876,?,-5.446674480257981,'' '',-5.397342099114654,and,-5.745836830526287,License,-5.723259457444754,Schema :,-5.526052820903851,a,-5.821133164162876,?,-5.397342099114654,and,-5.332359541471284,) ;
0.4786420124793588,include,0.47864192105714404,include,0.7188514162141908,See,1.1759568098936726,ParserElement.enablePackrat (,1.1438956205686353,ax.legend,2.453500871903207,=,-5.446674480257981,{,-5.667636478447801,if,-5.345106593855837,(,-5.8267123784154355,This,-6.011816966209823,'',-5.723259457444754,Name :,-5.555445091031465,=,-5.821133164162876,and,-5.446674480257981,{,-5.406282704042616,param,-6.011816966209823,'',-5.723259457444754,Name :,-5.555445091031465,=,-5.821133164162876,and,-5.406282704042616,param,-5.354470360114742,[
0.4749614739527566,IF,0.47496136158310914,IF,0.7175930737955581,ax.legend (,1.1759566511219357,ParserElement.enablePackrat,1.0771150971343153,define,2.4330184345825123,noqa,-5.469376930876288,`` '',-5.690615430706533,'',-5.350569595697035,),-5.9283225548262175,class,-6.0985765491656405,and,-5.723259457444754,: public,-5.601219672416408,of,-5.846387031484079,FIXME,-5.469376930876288,`` '',-5.490562785638694,in,-6.0985765491656405,and,-5.723259457444754,: public,-5.601219672416408,of,-5.846387031484079,FIXME,-5.490562785638694,in,-5.390234900054475,]
-0.4403249514839762,the,-0.440325003695746,the,0.7175930737955581,ax.legend,1.1454706859016697,define,-1.0730205128707095,of,2.3073659137878173,author,-5.540750853613377,*,-5.699956927875646,it,-5.406906654254668,The,-5.964624181502433,The,-6.0985765491656405,Copyright (,-5.723259457444754,: postgres,-5.682499158115781,``,-5.89889252886201,all,-5.540750853613377,*,-5.515292037884168,:,-6.0985765491656405,Copyright (,-5.723259457444754,: postgres,-5.682499158115781,``,-5.89889252886201,all,-5.515292037884168,:,-5.547645881722533,@
0.42775115724606777,include <,0.4277512083322196,include <,0.7145409116717018,ParserElement.enablePackrat,-1.1101383912181864,:,1.0497902010224902,Map.OneOrMore,2.270432820063543,@ author,-5.578443757889104,},-5.767911255910066,> <,-5.604940692240772,> <,-5.964624181502433,in,-6.129253801412688,in,-5.723259457444754,Type :,-5.725758498197022,be,-5.983212114185928,FIXME :,-5.578443757889104,},-5.515292037884168,'' '',-6.129253801412688,in,-5.723259457444754,Type :,-5.725758498197022,be,-5.983212114185928,FIXME :,-5.515292037884168,'' '',-5.571167154253228,is
-0.4262193241314438,this,-0.4262194641719019,this,0.6820624411854737,Forward references,1.088281037122009,void,1.0497902010224902,[ Map.OneOrMore,2.2654361513629357,if (,-5.6446054479790115,\r,-5.778007252821543,be,-5.626362432489693,for,-6.002293418595547,@,-6.193584659793828,this,-5.723259457444754,; Type,-5.743600184673513,in,-6.2505741841467515,with,-5.6446054479790115,\r,-5.693914885008368,The,-6.193584659793828,this,-5.723259457444754,; Type,-5.743600184673513,in,-6.2505741841467515,with,-5.693914885008368,The,-5.658142471166767,( )
0.4232829076532286,define,0.4232830240723401,define,0.6820624411854737,Forward,1.0692377195832283,[ Map.OneOrMore,1.0497902010224902,Map.OneOrMore ],2.0925758285570324,:,-5.6446054479790115,) ),-5.80892161573399,:,-5.651948623560056,and,-6.061599332554394,with,-6.193584659793828,under,-5.723259457444754,Owner :,-5.86804351474778,and,-6.372676880947651,Select,-5.6446054479790115,) ),-5.70596080460667,> <,-6.193584659793828,under,-5.723259457444754,Owner :,-5.86804351474778,and,-6.372676880947651,Select,-5.70596080460667,> <,-5.671208859156759,of
0.42261812128064347,ifdef __linux__,0.4226184085937462,ifdef,0.6279793355603847,Comment 4c,1.0692377195832283,Map.OneOrMore,-1.033538423247677,is,-2.0793114983233236,@ var,-5.807687825795312,( ``,-5.819442491315805,that,-5.693526796790562,return,-6.124645417352266,< /summary,-6.2273716573712115,http :,-5.723259457444754,postgres,-5.8886415653428505,that,-6.372676880947651,it,-5.807687825795312,( ``,-5.70596080460667,be,-6.2273716573712115,http :,-5.723259457444754,postgres,-5.8886415653428505,that,-6.372676880947651,it,-5.70596080460667,be,-5.716039315239518,a
0.42261812128064347,# ifdef,0.4226184085937462,__linux__,0.6279793355603847,4c,1.0692377195832283,Map.OneOrMore ],1.0290540724015689,void,-1.9847779616931178,; *,-5.874268150876879,',-5.913642763762724,not,-5.713012994032508,be,-6.124645417352266,/summary >,-6.2273716573712115,http,-5.723259457444754,Owner,-5.899101911767753,{,-6.372676880947651,@,-5.874268150876879,',-5.73464541826864,@ param,-6.2273716573712115,http,-5.723259457444754,Owner,-5.899101911767753,{,-6.372676880947651,@,-5.73464541826864,@ param,-5.837784799012633,in
0.42261812128064347,__linux__,0.4226184085937462,ifdef __linux__,0.618078242062651,return ScalarNodeDefinition,1.0265049505300257,include <,-1.0182711302543992,for,1.970274852624467,you,-6.002649317525085,if,-5.943126031378869,`,-5.720915050164752,. @,-6.124645417352266,/summary,-6.298576103663003,for,-5.723259457444754,Schema,-5.899101911767753,},-6.4632364579933785,todo,-6.002649317525085,if,-5.807938283734113,if,-6.298576103663003,for,-5.723259457444754,Schema,-5.899101911767753,},-6.4632364579933785,todo,-5.807938283734113,if,-5.848196137200874,'' ''
0.42261812128064347,ifdef,0.4226184085937462,# ifdef,0.618078242062651,ScalarNodeDefinition,-1.0135349635386564,is,1.004861111824566,include <,1.9189777540278625,deprecated,-6.022412806643926,i,-6.017648396797724,this,-5.736908993660871,in,-6.124645417352266,summary >,-6.298576103663003,of the,-5.723259457444754,; Owner,-5.920356697036076,'' '',-6.511789683410369,be,-6.022412806643926,i,-5.814670804675991,that,-6.298576103663003,of the,-5.723259457444754,; Owner,-5.920356697036076,'' '',-6.511789683410369,be,-5.814670804675991,that,-5.8800967688676495,{
0.42120838528823695,= ``,0.4212083774772553,= ``,0.618078242062651,ScalarNodeDefinition .,-0.9815927759589935,a,-0.9935036547677369,> <,1.9059627535229389,ScalarNodeDefinition .,-6.04257477993427,&,-6.1193620136372555,n't,-5.782258891287266,$,-6.124645417352266,< summary,-6.336174517220011,OR,-5.723259457444754,; Schema,-5.942073077053185,this,-6.562821163422814,here,-6.04257477993427,&,-6.018800150202452,this,-6.336174517220011,OR,-5.723259457444754,; Schema,-5.942073077053185,this,-6.562821163422814,here,-6.018800150202452,this,-5.924278443658314,and
-0.3866160154786983,a,-0.3866158919787032,a,0.60426688285951,# define,0.9417441880096159,``,0.9273230145276768,< <,1.9059627535229389,ScalarNodeDefinition,-6.063151637623029,if (,-6.178159255451938,on,-5.829763505074702,@ return,-6.124645417352266,summary,-6.336174517220011,is,-5.723259457444754,Type,-5.953110716704805,;,-6.562821163422814,that,-6.063151637623029,if (,-6.0814808749608975,of the,-6.336174517220011,is,-5.723259457444754,Type,-5.953110716704805,;,-6.562821163422814,that,-6.0814808749608975,of the,-5.941363141672959,for
-0.37140129325352583,", '",-0.3714012893956171,", '",0.599956787369047,if (,-0.9332127423744107,> <,-0.9124449820604466,a,1.9059627535229389,return ScalarNodeDefinition,-6.105620864732142,) {,-6.208907258077528,as,-5.8936830227879895,if,-6.146576120846236,by,-6.415897991052049,under the,-5.840581344833799,@,-5.98697399746064,not,-6.562821163422814,$,-6.105620864732142,) {,-6.102277821774414,it,-6.415897991052049,under the,-5.840581344833799,@,-5.98697399746064,not,-6.562821163422814,$,-6.102277821774414,it,-5.941363141672959,}
-0.3679749776345494,TODO,-0.36797499294349356,TODO,0.5900247923545031,Ignored 1a,0.9219262294033517,< <,0.9053097315285115,``,1.8454561956551974,your,-6.1499740322819445,< ``,-6.2326050495073515,from,-5.898408929504351,of the,-6.168998584902068,be,-6.415897991052049,by,-6.126881247058629,` DISABLE,-6.022024314340195,for,-6.616597560203619,we,-6.1499740322819445,< ``,-6.138967965878579,we,-6.415897991052049,by,-6.126881247058629,` DISABLE,-6.022024314340195,for,-6.616597560203619,we,-6.138967965878579,we,-5.947123526264938,this
0.35395486556216005,alpha,0.3539550196551064,= 0.01,0.5900247923545031,1a,-0.8971207592031355,and,-0.8986685487170292,this,1.8438908966894099,Forward,-6.1499740322819445,0,-6.240630774769656,@,-5.951923642768938,-,-6.239450245852679,A,-6.415897991052049,file,-6.126881247058629,DISABLE KEYS,-6.0339861794576946,( ),-6.673431034966785,not,-6.1499740322819445,0,-6.1738257408676445,not,-6.415897991052049,file,-6.126881247058629,DISABLE KEYS,-6.0339861794576946,( ),-6.673431034966785,not,-6.1738257408676445,not,-5.964606489045286,`
0.35395486556216005,= 0.01,0.3539550196551064,alpha =,0.5897461635186417,eslint-disable,0.8812914391925174,ifdef __linux__,0.8547646474028775,ifdef,1.843889716122179,Forward references,-6.245057480422221,r,-6.26510181642117,are,-5.956933673288475,* @,-6.341841397741479,. <,-6.502532223024952,https :,-6.126881247058629,DISABLE,-6.121982616451457,"' ,",-6.733690226484982,>,-6.245057480422221,r,-6.186808721022681,with,-6.502532223024952,https :,-6.126881247058629,DISABLE,-6.121982616451457,"' ,",-6.733690226484982,>,-6.186808721022681,with,-5.988402971827853,`` ''
0.35395486556216005,alpha =,0.3539550196551064,alpha,0.5897461635186417,eslint-disable no-useless-constructor,0.8812914391925174,ifdef,0.8547646474028775,ifdef __linux__,1.843600401685518,under development,-6.245057480422221,"'' ,",-6.281754990618963,with,-5.987532694924157,{,-6.369165502016033,an,-6.502532223024952,https,-6.243973913339992,ENABLE,-6.148615349017056,`,-6.797814754654521,from,-6.245057480422221,"'' ,",-6.190080975251424,or,-6.502532223024952,https,-6.243973913339992,ENABLE,-6.148615349017056,`,-6.797814754654521,from,-6.190080975251424,or,-6.096375766676409,TODO
0.348350982649733,< <,0.3483507718145598,< <,0.5897461635186417,no-useless-constructor,0.8812914391925174,__linux__,0.8547646474028775,__linux__,1.818616875685579,TODO :,-6.3228168451213556,std,-6.435765741809598,of the,-5.987532694924157,},-6.455925084971851,as,-6.502532223024952,OF,-6.243973913339992,` ENABLE,-6.175976837028194,`` '',-6.866334701091277,`,-6.3228168451213556,std,-6.233624357580353,on,-6.502532223024952,OF,-6.243973913339992,` ENABLE,-6.175976837028194,`` '',-6.866334701091277,`,-6.233624357580353,on,-6.130485485441626,be
0.3471085423349884,void,0.34710886013290787,void,0.5897461080002634,api/values/5,0.8812914391925174,# ifdef,0.8547646474028775,# ifdef,-1.8145977008023482,@ return,-6.3228168451213556,std :,-6.435765741809598,The,-6.008464908694214,this,-6.486602337218898,can,-6.502532223024952,or,-6.243973913339992,ENABLE KEYS,-6.262862134461456,it,-6.866334701091277,Select the,-6.3228168451213556,std :,-6.261394278113905,from,-6.502532223024952,or,-6.243973913339992,ENABLE KEYS,-6.262862134461456,it,-6.866334701091277,Select the,-6.261394278113905,from,-6.263917745476228,if
0.3404046865708717,t.Duration >,0.3404047391272616,t.Duration >,0.5897461080002634,PUT,0.8566018679556721,= ``,0.8475051732279415,{,1.761812977038584,ParserElement.enablePackrat (,-6.350140949395909,X,-6.455548780659043,or,-6.040708432678161,or,-6.51825054816968,'' '',-6.597390016483628,|,-6.529587732727713,name :,-6.278106332104573,@,-6.866334701091277,use,-6.350140949395909,X,-6.275573884707985,-,-6.597390016483628,|,-6.529587732727713,name :,-6.278106332104573,@,-6.866334701091277,use,-6.275573884707985,-,-6.2799052962365405,that
0.3404046865708717,t.Duration,0.3404047391272616,AND t.Duration,0.5897461080002634,PUT api/values/5,-0.8481260113391119,to,-0.8282173178397068,and,1.7553921845401295,ax.legend (,-6.378232684262924,") ,",-6.465589025644275,If,-6.057228632176716,name= '',-6.550933195600038,on,-6.597390016483628,gmail.com,-6.529587732727713,name,-6.3093101117719295,you,-6.866334701091277,;,-6.378232684262924,") ,",-6.286342115105115,`,-6.597390016483628,gmail.com,-6.529587732727713,name,-6.3093101117719295,you,-6.866334701091277,;,-6.286342115105115,`,-6.321029512085848,not
0.3404046865708717,AND t.Duration,0.3404047391272616,> 150,0.5897460917508806,eslint-enable no-param-reassign,0.8445350885948412,{,0.8234251546142931,= ``,1.7553921845401295,ax.legend,-6.407136430445274,; },-6.506789497428873,in the,-6.057228632176716,name=,-6.550933195600038,it,-6.597390016483628,gmail.com >,-6.814518771807604,CONSTRAINT ;,-6.3580210397779355,can,-6.866334701091277,TODO (,-6.407136430445274,; },-6.286342115105115,return,-6.597390016483628,gmail.com >,-6.814518771807604,CONSTRAINT ;,-6.3580210397779355,can,-6.866334701091277,TODO (,-6.286342115105115,return,-6.381601658368988,it
0.3404046865708717,> 150,0.3404047391272616,150,0.5897460917508806,eslint-enable,-0.8201707211709692,in,-0.8124289958857369,in,1.7462393749431746,Comment 4c,-6.436900532351727,r [,-6.538843523718956,can,-6.091111037584483,that,-6.550933195600038,. This,-6.6484214964960735,you,-6.814518771807604,CONSTRAINT,-6.374799956907045,-,-6.866334701091277,@ todo,-6.436900532351727,r [,-6.293585899043519,. @,-6.6484214964960735,you,-6.814518771807604,CONSTRAINT,-6.374799956907045,-,-6.866334701091277,@ todo,-6.293585899043519,. @,-6.427230010993399,-
0.3404046865708717,150,0.3404047391272616,t.Duration,0.5897460917508806,no-param-reassign,-0.8159236157622601,this,0.7519546461995934,IS set,1.7462393749431746,4c,-6.499225995549557,int,-6.549760662714305,all,-6.11435438495681,'' >,-6.550933195600038,data,-6.6484214964960735,@ gmail.com,-6.930929123652016,postgres ;,-6.391865217461231,if,-6.939897268268293,name,-6.499225995549557,int,-6.341994456644687,$,-6.6484214964960735,@ gmail.com,-6.930929123652016,postgres ;,-6.391865217461231,if,-6.939897268268293,name,-6.341994456644687,$,-6.436610942827165,TODO :
-0.33361677861076056,> <,-0.33361671350190847,> <,0.5897460688240423,thx,0.8045415039397209,",",0.7519546461995934,@ SERVERNAME,1.7445472195643446,ParserElement.enablePackrat,-6.531908642979914,= ``,-6.549760662714305,will,-6.126181843944056,string,-6.5847201931774215,used,-6.6484214964960735,the License,-6.930929123652016,; Tablespace,-6.409226764657133,) ;,-6.939897268268293,by,-6.531908642979914,= ``,-6.369064941826282,an,-6.6484214964960735,the License,-6.930929123652016,; Tablespace,-6.409226764657133,) ;,-6.939897268268293,by,-6.369064941826282,an,-6.436610942827165,) )
-0.32909643127269755,of,-0.3290963235211148,of,0.5897460688240423,Modernizr,0.802500908919386,struct,0.7519546461995934,SERVERNAME,1.7330391742220264,] $,-6.531908642979914,+,-6.571959132503453,',-6.138150867739377,< /param,-6.5847201931774215,from,-6.6484214964960735,> *,-6.930929123652016,Tablespace :,-6.409226764657133,are,-6.939897268268293,price,-6.531908642979914,+,-6.392866144705913,{,-6.6484214964960735,> *,-6.930929123652016,Tablespace :,-6.409226764657133,are,-6.939897268268293,price,-6.392866144705913,{,-6.446080710564196,( ``
0.3286771577161906,html_use_opensearch,0.3286772336749641,html_use_opensearch =,0.5897460688240423,thx Modernizr,0.7792465936520347,AND,0.7519546461995934,SERVERNAME IS,1.7251095320304282,# define,-6.674498500406097,-,-6.583245934038083,'s,-6.138150867739377,/param,-6.619688791015168,. The,-6.702197893276878,Software,-6.930929123652016,Tablespace,-6.426895068790446,with,-6.939897268268293,if,-6.674498500406097,-,-6.396888676276292,},-6.702197893276878,Software,-6.930929123652016,Tablespace,-6.426895068790446,with,-6.939897268268293,if,-6.396888676276292,},-6.475040263276482,with
0.3286771577161906,html_use_opensearch =,0.3286772336749641,html_use_opensearch,0.5897460237264132,eslint-disable-line no-debugger,0.7643778805656086,> 150,-0.7510613984788251,", '",1.7243595268661198,FIXME :,-6.713565968597006,%,-6.583245934038083,have,-6.138150867739377,/param >,-6.655924639469213,of the,-6.702197893276878,THE,-7.062698401283139,] $,-6.444881165160228,This,-6.939897268268293,( ),-6.713565968597006,%,-6.400927453979484,. <,-6.702197893276878,THE,-7.062698401283139,] $,-6.444881165160228,This,-6.939897268268293,( ),-6.400927453979484,. <,-6.504863547111159,"' ,"
-0.3264787629301955,is,-0.3264786409817628,is,0.5897460237264132,no-debugger,0.7643778805656086,AND t.Duration,-0.7481450958958556,to,1.700946070435089,@ see,-6.713565968597006,Y,-6.59466158312176,by,-6.150264886262581,< param,-6.655924639469213,all,-6.702197893276878,> @,-7.062698401283139,],-6.463196695466662,#,-6.939897268268293,in the,-6.713565968597006,Y,-6.4172476856519705,as,-6.702197893276878,> @,-7.062698401283139,],-6.463196695466662,#,-6.939897268268293,in the,-6.4172476856519705,as,-6.5566349418557675,!
0.3260788179826213,IS set,0.3260778044064511,IS set,0.5897460237264132,eslint-disable-line,0.7643778805656086,t.Duration,-0.7445458095460497,example,1.7004593734399305,example,-6.713565968597006,; \r,-6.6178914314008885,do,-6.150264886262581,param name=,-6.693523053026221,which,-6.702197893276878,``,-7.062698401283139,@ param,-6.500865932559776,as,-7.019304045872704,way,-6.713565968597006,; \r,-6.4213697030300345,by,-6.702197893276878,``,-7.062698401283139,@ param,-6.500865932559776,as,-7.019304045872704,way,-6.4213697030300345,by,-6.578118045185841,you
0.3260788179826213,SERVERNAME IS,0.3260778044064511,SERVERNAME,0.5891747325885136,Ignored,0.7643778805656086,t.Duration >,0.739558298699225,",",1.6986343613334969,name :,-6.754221974238135,Y ],-6.629711900001315,value,-6.28023338135315,an,-6.73259052121713,:,-6.759031368040044,a,-7.062698401283139,SET,-6.500865932559776,M,-7.019304045872704,more,-6.754221974238135,Y ],-6.459253020932336,value,-6.759031368040044,a,-7.062698401283139,SET,-6.500865932559776,M,-7.019304045872704,more,-6.459253020932336,value,-6.578118045185841,< <
0.3260788179826213,@ SERVERNAME,0.3260778044064511,SERVERNAME IS,0.5823825750268067,development,0.7643716619160138,150,-0.7365150406228615,TODO,1.691669891632904,Ignored 1a,-6.754221974238135,[ Y,-6.716615186410934,#,-6.287197197796221,value,-6.73259052121713,are,-6.759031368040044,c ),-7.062698401283139,[,-6.5400098732282785,use,-7.019304045872704,than,-6.754221974238135,[ Y,-6.485330117862535,@ return,-6.759031368040044,c ),-7.062698401283139,[,-6.5400098732282785,use,-7.019304045872704,than,-6.485330117862535,@ return,-6.7053100273257344,+
0.3260788179826213,SERVERNAME,0.3260778044064511,@ SERVERNAME,0.5742321122312489,=,0.7564933801272381,#,0.7362989354912065,AND,1.691669891632904,1a,-6.796601197206996,new,-6.729670202112577,. <,-6.315547785429229,* *,-6.73259052121713,not,-6.759031368040044,C,-7.062698401283139,$,-6.5400098732282785,on,-7.019304045872704,``,-6.796601197206996,new,-6.507592836073666,summary,-6.759031368040044,C,-7.062698401283139,$,-6.5400098732282785,on,-7.019304045872704,``,-6.507592836073666,summary,-6.730280113673493,can
0.32419324004508565,"} ,",0.32419323650319276,"} ,",0.5701770317686058,deprecated,0.7413453856016589,IS set,0.7352763100355716,t.Duration,1.6914016597455315,Modernizr,-6.840856206211038,!,-6.742897908210128,an,-6.322762823943379,with,-6.859880758831162,or,-6.759031368040044,Author :,-7.062698401283139,param,-6.5400098732282785,+,-7.019304045872704,or,-6.840856206211038,!,-6.516638578441632,/summary,-6.759031368040044,Author :,-7.062698401283139,param,-6.5400098732282785,+,-7.019304045872704,or,-6.516638578441632,/summary,-6.730280113673493,0
0.3219677981400247,"int ,",0.32196784109539217,'priority,0.5683411736915326,Configures the,0.7413453856016589,SERVERNAME,0.7352763100355716,AND t.Duration,1.6914016597455315,eslint-enable,-6.840856206211038,", ``",-6.742897908210128,set,-6.352155094070993,. <,-6.906185326872848,implementation,-6.759031368040044,( C,-7.062698401283139,[ ],-6.6451486348104645,> <,-7.019304045872704,code,-6.840856206211038,", ``",-6.516638578441632,/summary >,-6.759031368040044,( C,-7.062698401283139,[ ],-6.6451486348104645,> <,-7.019304045872704,code,-6.516638578441632,/summary >,-6.730280113673493,This
0.3219677981400247,'priority,0.32196784109539217,"int ,",0.5683411736915326,Configures,0.7413453856016589,SERVERNAME IS,0.7352763100355716,t.Duration >,1.6914016597455315,no-debugger,-6.840856206211038,double,-6.742897908210128,so,-6.3671816728303465,to the,-6.954738552289838,{,-6.759031368040044,Author,-7.214504414151143,40101 SET,-6.667571098866297,from,-7.019304045872704,'',-6.840856206211038,double,-6.516638578441632,',-6.759031368040044,Author,-7.214504414151143,40101 SET,-6.667571098866297,from,-7.019304045872704,'',-6.516638578441632,',-6.7430029316014615,\r
0.3219677981400247,: int,0.32196784109539217,'priority ',0.5669404358625565,Select,0.7413453856016589,@ SERVERNAME,0.7352763100355716,> 150,1.6914016597455315,no-param-reassign,-6.840856206211038,"' ,",-6.783664422689314,-,-6.382437498840166,from,-6.954738552289838,", and",-6.759031368040044,( c,-7.214504414151143,40101,-6.667571098866297,of the,-7.019304045872704,*,-6.840856206211038,"' ,",-6.516638578441632,< summary,-6.759031368040044,( c,-7.214504414151143,40101,-6.667571098866297,of the,-7.019304045872704,*,-6.516638578441632,< summary,-6.755889707877818,#
0.3219677981400247,'priority ',0.32196784109539217,: int,0.5532489489588893,@ see,0.7385889924414032,),0.7352666309226947,150,1.6914016597455315,no-useless-constructor,-6.840856206211038,`` <,-6.797631130171022,``,-6.382437498840166,> The,-6.954738552289838,will,-6.759031368040044,c,-7.214504414151143,: FK,-6.667571098866297,( M,-7.019304045872704,check,-6.840856206211038,`` <,-6.516638578441632,summary >,-6.759031368040044,c,-7.214504414151143,: FK,-6.667571098866297,( M,-7.019304045872704,check,-6.516638578441632,summary >,-6.782172429677012,of the
0.31978660614680016,num_pops++,0.31978649583566054,quit ;,0.534405485545634,Note,0.7353982274009976,(,0.7158110528585404,struct,1.6914016597455315,eslint-disable,-6.840856206211038,for,-6.811795672939673,use,-6.382437498840166,on,-6.954738552289838,. *,-6.759031368040044,C ),-7.214504414151143,! 40101,-6.690507884209396,"] ,",-7.019304045872704,all the,-6.840856206211038,for,-6.516638578441632,to the,-6.759031368040044,C ),-7.214504414151143,! 40101,-6.690507884209396,"] ,",-7.019304045872704,all the,-6.516638578441632,to the,-6.782172429677012,by
0.31978660614680016,num_pops++ ;,0.31978649583566054,quit,0.525337451965818,name :,-0.7324968440600971,", '",0.6848532876054784,"} ,",1.6914016597455315,eslint-enable no-param-reassign,-6.887160774252724,X ],-6.811795672939673,'' '',-6.437743851168218,. *,-7.005770032302284,into,-6.819290559558241,* Copyright,-7.214504414151143,FK,-6.690507884209396,) ],-7.105564390157111,when,-6.887160774252724,X ],-6.516638578441632,< /summary,-6.819290559558241,* Copyright,-7.214504414151143,FK,-6.690507884209396,) ],-7.105564390157111,when,-6.516638578441632,< /summary,-6.809164621691369,use
0.3197865015212808,quit ;,0.3197864503697801,num_pops++ ;,-0.5124562732164566,; *,-0.708515717854228,example,-0.6774081687072122,be,1.6914016597455315,PUT,-6.887160774252724,i ],-6.811795672939673,summary,-6.445900503241967,',-7.005770032302284,using,-6.819290559558241,. *,-7.214504414151143,FK CONSTRAINT,-6.690507884209396,https,-7.105564390157111,need,-6.887160774252724,i ],-6.521192320372627,string,-6.819290559558241,. *,-7.214504414151143,FK CONSTRAINT,-6.690507884209396,https,-7.105564390157111,need,-6.521192320372627,string,-6.809164621691369,) {
0.3197865015212808,quit,0.3197864503697801,num_pops++,0.5113679431048442,Comment,0.6923484373542554,"} ,",0.6771263653528778,@ @,1.6914016597455315,api/values/5,-6.887160774252724,'' ;,-6.811795672939673,to the,-6.470777407997372,returns,-7.005770032302284,},-6.819290559558241,-,-7.393552645600129,: many,-6.690507884209396,https :,-7.105564390157111,n't,-6.887160774252724,'' ;,-6.534979303461207,will,-6.819290559558241,-,-7.393552645600129,: many,-6.690507884209396,https :,-7.105564390157111,n't,-6.534979303461207,will,-6.822938944156198,or
0.318103812828775,MOODYCAMEL_CPP11_THREAD_LOCAL_SUPPORTED,0.3181039552444137,MOODYCAMEL_CPP11_THREAD_LOCAL_SUPPORTED,0.5103141012903231,FIXME ?,-0.684244134358906,TODO,0.6651433434138893,IS,1.6914016597455315,PUT api/values/5,-6.887160774252724,[ X,-6.811795672939673,has,-6.487712613754955,array,-7.059546429083088,) .,-6.819290559558241,ANY,-7.393552645600129,: INDEX,-6.713983140630761,The,-7.105564390157111,) :,-6.887160774252724,[ X,-6.544277371378411,* @,-6.819290559558241,ANY,-7.393552645600129,: INDEX,-6.713983140630761,The,-7.105564390157111,) :,-6.544277371378411,* @,-6.836905651637907,as
0.318103812828775,define MOODYCAMEL_CPP11_THREAD_LOCAL_SUPPORTED,0.3181039552444137,define MOODYCAMEL_CPP11_THREAD_LOCAL_SUPPORTED,0.506798551069499,author,0.6836496155905223,@ @,0.6618483054958478,"int ,",1.6914016597455315,eslint-disable-line,-6.935713999669714,[ i,-6.826163736206593,( ),-6.522468501236551,not,-7.059546429083088,to the,-6.819290559558241,This,-7.393552645600129,INDEX ;,-6.713983140630761,", [",-7.105564390157111,instead,-6.935713999669714,[ i,-6.5489590278694765,are,-6.819290559558241,This,-7.393552645600129,INDEX ;,-6.713983140630761,", [",-7.105564390157111,instead,-6.5489590278694765,are,-6.8510701944065575,from
0.31810366574214577,define AVOID_PROFILE,0.31810377546887625,AVOID_PROFILE,0.5067340475866855,@ author,0.6723624934047459,alpha =,0.6618483054958478,'priority ',1.6914016597455315,eslint-disable no-useless-constructor,-6.935713999669714,; if,-6.826163736206593,table,-6.549351840629992,Returns,-7.059546429083088,this,-6.819290559558241,with,-7.393552645600129,INDEX,-6.713983140630761,( ``,-7.105564390157111,of all,-6.935713999669714,; if,-6.597022098387709,in the,-6.819290559558241,with,-7.393552645600129,INDEX,-6.713983140630761,( ``,-7.105564390157111,of all,-6.597022098387709,in the,-6.8510701944065575,on
0.31810366574214577,AVOID_PROFILE,0.31810377546887625,define AVOID_PROFILE,0.4795970330171375,[ Map.OneOrMore,0.6723624934047459,alpha,0.6618483054958478,'priority,1.6914016597455315,thx Modernizr,-6.935713999669714,'' ),-6.84074125382475,summary >,-6.549351840629992,by,-7.116379903846254,when,-6.88341508772778,copy,-7.393552645600129,many,-6.738022759816908,will,-7.105564390157111,!,-6.935713999669714,'' ),-6.621948613269542,can,-6.88341508772778,copy,-7.393552645600129,many,-6.738022759816908,will,-7.105564390157111,!,-6.621948613269542,can,-6.865438257673477,https :
0.31113870102118135,logging.DEBUG ),0.3111386969220725,set_logging_level,0.4795970330171375,Map.OneOrMore ],0.672350467283068,= 0.01,0.6618482038927044,: int,1.6914016597455315,thx,-6.98674547968216,"`` ,",-6.84074125382475,/summary >,-6.558475991519601,name,-7.116379903846254,user,-6.88341508772778,may,-7.611806211620147,noqa,-6.762654547006574,[ (,-7.1999740746281855,names,-6.98674547968216,"`` ,",-6.6423470767990835,This,-6.88341508772778,may,-7.611806211620147,noqa,-6.762654547006574,[ (,-7.1999740746281855,names,-6.6423470767990835,This,-6.865438257673477,https
0.31113870102118135,( logging.DEBUG,0.3111386969220725,logging.DEBUG ),0.4795970330171375,Map.OneOrMore,-0.669616771143979,with,0.6501657047009045,),1.6914016597455315,eslint-disable-line no-debugger,-7.0405218764629645,for (,-6.84074125382475,< /summary,-6.586358838738689,/summary,-7.116379903846254,is a,-6.88341508772778,;,-7.611806211620147,@ @,-6.762654547006574,bytes,-7.1999740746281855,on,-7.0405218764629645,for (,-6.6790773336940035,all,-6.88341508772778,;,-7.611806211620147,@ @,-6.762654547006574,bytes,-7.1999740746281855,on,-6.6790773336940035,all,-6.865438257673477,are
0.31113870102118135,set_logging_level,0.3111386969220725,set_logging_level (,0.47115775998356607,http :,0.6681167653957317,DROP,-0.6491158412763082,; *,1.6906482678817885,Ignored,-7.0405218764629645,\r \r,-6.84074125382475,< summary,-6.586358838738689,summary >,-7.116379903846254,interface,-6.951935034164536,version,-7.611806211620147,SET @,-6.762654547006574,1,-7.1999740746281855,data,-7.0405218764629645,\r \r,-6.700688115293583,name= '',-6.951935034164536,version,-7.611806211620147,SET @,-6.762654547006574,1,-7.1999740746281855,data,-6.700688115293583,name= '',-6.880015775291635,'' )
0.31113870102118135,set_logging_level (,0.3111386969220725,( logging.DEBUG,-0.4646585291107289,@ var,0.6678744473772684,MOODYCAMEL_CPP11_THREAD_LOCAL_SUPPORTED,0.6482948368865293,alpha =,1.6722619984693972,) ;,-7.09735535122613,String,-6.84074125382475,/summary,-6.586358838738689,< summary,-7.116379903846254,only,-7.025497601341552,it,-7.611806211620147,: exec,-6.762654547006574,code,-7.1999740746281855,make,-7.09735535122613,String,-6.700688115293583,name=,-7.025497601341552,it,-7.611806211620147,: exec,-6.762654547006574,code,-7.1999740746281855,make,-6.700688115293583,name=,-6.880015775291635,") ,"
0.31113870102118135,logging.DEBUG,0.3111386969220725,logging.DEBUG,0.4623357226152085,pylint :,0.6678744473772684,AVOID_PROFILE,0.6482948368865293,alpha,-1.6721672319712149,* @,-7.09735535122613,is,-6.870549720122576,data,-6.586358838738689,/summary >,-7.116379903846254,for the,-7.025497601341552,The,-7.611806211620147,),-6.762654547006574,when,-7.3042350849525945,'s,-7.09735535122613,is,-6.739668551471888,. *,-7.025497601341552,The,-7.611806211620147,),-6.762654547006574,when,-7.3042350849525945,'s,-6.739668551471888,. *,-6.956272218899934,if (
0.3101927946257085,AND,0.3101928344188767,AND,0.4623357226152085,pylint,0.6678744473772684,define AVOID_PROFILE,0.6482730679069987,= 0.01,1.6635762449050235,Note that,-7.09735535122613,to,-6.885793917765693,when,-6.586358838738689,< /summary,-7.176639095364451,in the,-7.104904378945963,not,-7.611806211620147,(,-6.762654547006574,' ),-7.3042350849525945,=,-7.09735535122613,to,-6.739668551471888,( ),-7.104904378945963,not,-7.611806211620147,(,-6.762654547006574,' ),-7.3042350849525945,=,-6.739668551471888,( ),-6.972246999507669,code
0.3018721059283487,IF @,0.30187205988606336,IF @,0.46135045530663293,Animator,0.6678744473772684,define MOODYCAMEL_CPP11_THREAD_LOCAL_SUPPORTED,0.6476675875334207,define AVOID_PROFILE,1.6573070040504094,NOT,-7.157614542744327,==,-6.901274103053593,file,-6.586358838738689,summary,-7.176639095364451,It,-7.104904378945963,License .,-7.611806211620147,exec,-6.840413911705708,example,-7.3042350849525945,each,-7.157614542744327,==,-6.739668551471888,n't,-7.104904378945963,License .,-7.611806211620147,exec,-6.840413911705708,example,-7.3042350849525945,each,-6.739668551471888,n't,-6.972246999507669,all
0.3011411443760347,~,0.30114153891499473,~,0.46135045530663293,by Animator,0.6657607039634325,'priority ',0.6476675875334207,define MOODYCAMEL_CPP11_THREAD_LOCAL_SUPPORTED,1.6428344160772295,@ todo,-7.157614542744327,] .min,-6.932972478040784,only,-6.59582860647572,will,-7.176639095364451,use,-7.104904378945963,this file,-7.8913910738393085,: VIEW,-6.840413911705708,or,-7.3042350849525945,only,-7.157614542744327,] .min,-6.739668551471888,If,-7.104904378945963,this file,-7.8913910738393085,: VIEW,-6.840413911705708,or,-7.3042350849525945,only,-6.739668551471888,If,-6.988481122269552,name
-0.2986422346472223,Test,-0.29864224872457595,Test,-0.45982345427878857,@ return,0.6657607039634325,"int ,",0.6476675875334207,AVOID_PROFILE,1.6399510729790039,I,-7.157614542744327,.min (,-6.949206600802667,We,-6.59582860647572,given,-7.24076362353399,if,-7.104904378945963,in the,-7.8913910738393085,: TABLE,-6.867738015980262,we,-7.3042350849525945,do,-7.157614542744327,.min (,-6.745363327682242,'' >,-7.104904378945963,in the,-7.8913910738393085,: TABLE,-6.867738015980262,we,-7.3042350849525945,do,-6.745363327682242,'' >,-6.988481122269552,?
-0.29521621765102446,see,-0.2952166356608803,see,0.4597265335893276,https,0.6657607039634325,'priority,0.6476675875334207,MOODYCAMEL_CPP11_THREAD_LOCAL_SUPPORTED,1.6345562462984609,Configures the,-7.157614542744327,.min,-6.949206600802667,This,-6.6546114430226835,],-7.24076362353399,@ brief,-7.104904378945963,a copy,-7.8913910738393085,integer,-6.867738015980262,by,-7.3042350849525945,) .,-7.157614542744327,.min,-6.745363327682242,when,-7.104904378945963,a copy,-7.8913910738393085,integer,-6.867738015980262,by,-7.3042350849525945,) .,-6.745363327682242,when,-7.00498314690594,&
0.2944898263796341,IS,0.2944888933307198,IS,0.4597265335893276,https :,0.6657605427248084,: int,0.6454931578063435,(,1.6345562462984609,Configures,-7.157614542744327,Point,-7.0169143503182525,need,-6.685351568382379,`,-7.24076362353399,see,-7.19116472323037,MIT,-7.8913910738393085,: CONSTRAINT,-6.867738015980262,an,-7.3042350849525945,) ;,-7.157614542744327,Point,-6.751090720199905,'s,-7.19116472323037,MIT,-7.8913910738393085,: CONSTRAINT,-6.867738015980262,an,-7.3042350849525945,) ;,-6.751090720199905,'s,-7.00498314690594,"'' ,"
-0.2910425991728813,# =,-0.291042488066921,# =,0.4549813164247175,= ``,-0.6650742580628085,; *,-0.643440980934188,# =,1.6185554738339853,https :,-7.157614542744327,.max,-7.0169143503182525,should,-6.685351568382379,[,-7.24076362353399,of a,-7.19116472323037,distributed,-7.8913910738393085,noinspection,-6.895829750847277,' ],-7.3042350849525945,Select all,-7.157614542744327,.max,-6.756851104791884,data,-7.19116472323037,distributed,-7.8913910738393085,noinspection,-6.895829750847277,' ],-7.3042350849525945,Select all,-6.756851104791884,data,-7.021762064035049,1
-0.2907105268071418,var,-0.29071073009109216,var,0.4549663259146732,EXIT__AUTO_MIN,0.6518264132042073,IS,0.6404274249433384,DROP,1.6178876236521595,https,-7.157614542744327,] .max,-7.034582654451566,check,-6.706382837767292,( ),-7.24076362353399,brief,-7.19116472323037,software,-7.8913910738393085,VIEW ;,-6.895829750847277,see,-7.3042350849525945,some,-7.157614542744327,] .max,-6.786161526559478,/param,-7.19116472323037,software,-7.8913910738393085,VIEW ;,-6.895829750847277,see,-7.3042350849525945,some,-6.786161526559478,/param,-7.021762064035049,; }
0.2904618706897022,seq_file *,0.2904617778531032,seq_file,0.4549663259146732,9 is,-0.6373358413250019,from,-0.637586644132689,with,-1.6103036727081084,. @,-7.157614542744327,] ),-7.034582654451566,any,-6.717066700075605,when,-7.24076362353399,file,-7.19116472323037,IS,-7.8913910738393085,: FUNCTION,-6.895829750847277,'' ),-7.3042350849525945,way to,-7.157614542744327,] ),-6.786161526559478,/param >,-7.19116472323037,IS,-7.8913910738393085,: FUNCTION,-6.895829750847277,'' ),-7.3042350849525945,way to,-6.786161526559478,/param >,-7.038827324589236,The
0.2904618706897022,struct seq_file,0.2904617778531032,struct seq_file,0.4549663259146732,9,0.6360898457662366,( logging.DEBUG,-0.6315986180898727,var,1.593520087962928,IF,-7.157614542744327,.max (,-7.052568750821348,one,-6.727865941097365,in the,-7.309283569970746,on the,-7.19116472323037,copy of,-7.8913910738393085,one,-6.895829750847277,0,-7.3042350849525945,should,-7.157614542744327,.max (,-6.786161526559478,< /param,-7.19116472323037,copy of,-7.8913910738393085,one,-6.895829750847277,0,-7.3042350849525945,should,-6.786161526559478,< /param,-7.056188871785137,we
0.2904618706897022,seq_file,0.2904617778531032,seq_file *,0.4549663259146732,is EXIT__AUTO_MIN,0.6360898457662366,set_logging_level,0.6310058955391395,IF @,1.5895460524413696,http :,-7.157614542744327,1,-7.070884281127782,but,-6.749820719744334,it,-7.309283569970746,by the,-7.19116472323037,to the,-7.8913910738393085,param stringstring,-6.985174851183126,only,-7.420645436797006,This,-7.157614542744327,1,-6.792128131372699,* *,-7.19116472323037,to the,-7.8913910738393085,param stringstring,-6.985174851183126,only,-7.420645436797006,This,-6.792128131372699,* *,-7.073857175918451,i
-0.29021759138625164,' ),-0.29021775094279856,' ),0.45040396359079404,example,0.6360898457662366,logging.DEBUG ),-0.6239038588531902,Information,1.572686662056403,under,-7.221739070913866,return,-7.108553518220896,does,-6.842802867900243,as,-7.309283569970746,``,-7.19116472323037,: https,-7.8913910738393085,stringstring [,-6.985174851183126,) ),-7.420645436797006,can,-7.221739070913866,return,-6.798130550354799,param name=,-7.19116472323037,: https,-7.8913910738393085,stringstring [,-6.985174851183126,) ),-7.420645436797006,can,-6.798130550354799,param name=,-7.091843272288233,> <
-0.2890250797000809,default,-0.28902513090430476,default,0.44762952291305497,# include,0.6360898457662366,logging.DEBUG,-0.6238945458874177,Information (,1.560450984849643,Issue,-7.221739070913866,#,-7.127933969770558,var,-6.855057923237259,function,-7.309283569970746,instance,-7.19116472323037,Public,-7.8913910738393085,stringstring,-6.985174851183126,Note,-7.420645436797006,products,-7.221739070913866,#,-6.798130550354799,< param,-7.19116472323037,Public,-7.8913910738393085,stringstring,-6.985174851183126,Note,-7.420645436797006,products,-6.798130550354799,< param,-7.128816060199208,when
-0.281261859712836,example,-0.2812618512783807,example,0.4364495224759044,Called by,0.6360898457662366,set_logging_level (,-0.6186691733262777,see,1.5531789973107852,development,-7.221739070913866,array-,-7.127933969770558,@ var,-6.892750827512986,file,-7.309283569970746,`,-7.19116472323037,IN,-7.8913910738393085,yapf :,-7.016823062133909,used,-7.420645436797006,employees,-7.221739070913866,array-,-6.834921946971379,``,-7.19116472323037,IN,-7.8913910738393085,yapf :,-7.016823062133909,used,-7.420645436797006,employees,-6.834921946971379,``,-7.128816060199208,$
-0.2811385239968642,:,-0.28113915625446556,:,0.43545287642045755,under,0.6306345748452223,( ),0.6144601672013736,logging.DEBUG,1.5431206905125403,Comment,-7.221739070913866,array- >,-7.167859432179743,no,-6.9056376037893425,If,-7.309283569970746,{ @,-7.19116472323037,Public License,-7.8913910738393085,yapf,-7.016823062133909,", '",-7.420645436797006,to the,-7.221739070913866,array- >,-6.841187631630307,name,-7.19116472323037,Public License,-7.8913910738393085,yapf,-7.016823062133909,", '",-7.420645436797006,to the,-6.841187631630307,name,-7.128816060199208,will
0.2784382385917493,0.01,0.2784383744549242,0.01,0.4353314308886693,] $,-0.616833972635462,be,0.6144601672013736,logging.DEBUG ),1.5332696846197749,) {,-7.290259017350622,j,-7.167859432179743,do n't,-6.9056376037893425,data,-7.382846137147762,output,-7.19116472323037,link,-7.8913910738393085,simple,-7.049505709564267,your,-7.55241471442813,with a,-7.290259017350622,j,-6.853838021712472,file,-7.19116472323037,link,-7.8913910738393085,simple,-7.049505709564267,your,-7.55241471442813,with a,-6.853838021712472,file,-7.128816060199208,author
0.2735889501384652,'10pt ',0.2735888398375037,: '10pt,0.4291920779557408,Added in,0.6129647113710349,IF @,0.6144601672013736,set_logging_level,1.5157536642270317,of all,-7.290259017350622,b,-7.167859432179743,code,-6.918692619490986,/,-7.382846137147762,( ),-7.19116472323037,license,-7.8913910738393085,: one,-7.08329270714165,name,-7.55241471442813,manufacturer,-7.290259017350622,b,-6.8796292643104096,> The,-7.19116472323037,license,-7.8913910738393085,: one,-7.08329270714165,name,-7.55241471442813,manufacturer,-6.8796292643104096,> The,-7.147828039687781,M
0.2735889501384652,pointsize,0.2735888398375037,pointsize,0.4291920779557408,in 4.0.0,0.6117336630703191,seq_file *,0.6144601672013736,set_logging_level (,-1.4870303012450796,Test,-7.290259017350622,p,-7.167859432179743,default,-6.918692619490986,list,-7.382846137147762,address,-7.19116472323037,See,-7.8913910738393085,FUNCTION,-7.118261304979397,n't,-7.55241471442813,out,-7.290259017350622,p,-6.8796292643104096,array,-7.19116472323037,See,-7.8913910738393085,FUNCTION,-7.118261304979397,n't,-7.55241471442813,out,-6.8796292643104096,array,-7.167208491237442,@ author
0.2735889501384652,: '10pt,0.2735888398375037,pointsize ',0.4291920779557408,Added,0.6117336630703191,struct seq_file,0.6144601672013736,( logging.DEBUG,1.4718359665680356,# include,-7.290259017350622,= >,-7.167859432179743,which,-6.931920325588536,``,-7.382846137147762,'s,-7.285574407701445,Licensed,-7.8913910738393085,FUNCTION ;,-7.118261304979397,//,-7.55241471442813,as,-7.290259017350622,= >,-6.899418828334632,],-7.285574407701445,Licensed,-7.8913910738393085,FUNCTION ;,-7.118261304979397,//,-7.55241471442813,as,-6.899418828334632,],-7.167208491237442,"] ,"
0.2735889501384652,pointsize ',0.2735888398375037,'10pt,0.4291920779557408,4.0.0,0.6117328349324831,seq_file,0.6123819989414078,( ),-1.4478538540184456,param,-7.290259017350622,attr- >,-7.230905516977614,name,-6.945325352056584,can,-7.382846137147762,> <,-7.285574407701445,Version,-7.8913910738393085,) ;,-7.154497153433442,") ,",-7.55241471442813,instead of,-7.290259017350622,attr- >,-6.919607939366656,[,-7.285574407701445,Version,-7.8913910738393085,) ;,-7.154497153433442,") ,",-7.55241471442813,instead of,-6.919607939366656,[,-7.186971980356283,' )
0.2735889501384652,'10pt,0.2735888398375037,'10pt ',0.4291919407019422,in chrome/browser/resource_coordinator/tab_ranker/README.md,0.6062671918496545,double,0.59839502914165,~,1.4311929072287395,Use,-7.290259017350622,attr-,-7.230905516977614,;,-6.958912517602893,'s,-7.462252914752173,can be,-7.285574407701445,You,-7.8913910738393085,",",-7.154497153433442,) {,-7.55241471442813,: use,-7.290259017350622,attr-,-6.968364113631086,set,-7.285574407701445,You,-7.8913910738393085,",",-7.154497153433442,) {,-7.55241471442813,: use,-6.968364113631086,set,-7.186971980356283,an
0.2735887740526091,'figure_align,0.27358883544934515,: 'htbp,0.4291919407019422,Details in,-0.6055300526649323,# =,-0.5970567558033829,' ),1.4259559374757962,this,-7.290259017350622,] ;,-7.252836220471584,", we",-6.972686840067722,/ >,-7.462252914752173,function,-7.285574407701445,> <,-7.8913910738393085,eslint-disable-next-line,-7.192095566990449,M ),-7.55241471442813,one,-7.290259017350622,] ;,-6.982742506558801,which,-7.285574407701445,> <,-7.8913910738393085,eslint-disable-next-line,-7.192095566990449,M ),-7.55241471442813,one,-6.982742506558801,which,-7.207133953646627,Copyright
0.2735887740526091,'figure_align ',0.27358883544934515,'htbp,0.4291919407019422,chrome/browser/resource_coordinator/tab_ranker/README.md,0.6003059343873466,~,0.5967756294809805,double,-1.4064292351099776,# =,-7.290259017350622,`,-7.252836220471584,page,-6.972686840067722,'' /,-7.462252914752173,files,-7.285574407701445,on,-7.8913910738393085,: SEQUENCE,-7.192095566990449,should,-7.55241471442813,are,-7.290259017350622,`,-7.034760176204394,has,-7.285574407701445,on,-7.8913910738393085,: SEQUENCE,-7.192095566990449,should,-7.55241471442813,are,-7.034760176204394,has,-7.24871998742473,http
0.2735887740526091,: 'htbp,0.27358883544934515,'figure_align,0.4291919407019422,Details,-0.596864706469685,var,-0.5852978409720935,from,1.3973482196956146,http,-7.290259017350622,) <,-7.275258684527417,user,-6.972686840067722,to be,-7.462252914752173,object,-7.285574407701445,be,-7.8913910738393085,VIEW,-7.192095566990449,] (,-7.55241471442813,remove,-7.290259017350622,) <,-7.050133269121451,have,-7.285574407701445,be,-7.8913910738393085,VIEW,-7.192095566990449,] (,-7.55241471442813,remove,-7.050133269121451,have,-7.24871998742473,) ]
0.2735887740526091,'htbp,0.27358883544934515,'htbp ',0.4287921790698764,your,0.5891240887696856,import,0.5842367886920159,seq_file *,1.3884148994730243,Select all,-7.290259017350622,const,-7.275258684527417,see,-6.986653547549431,This,-7.462252914752173,* *,-7.285574407701445,rights,-7.8913910738393085,SEQUENCE,-7.192095566990449,but,-7.55241471442813,at,-7.290259017350622,const,-7.050133269121451,see,-7.285574407701445,rights,-7.8913910738393085,SEQUENCE,-7.192095566990449,but,-7.55241471442813,at,-7.050133269121451,see,-7.24871998742473,License
0.2735887740526091,'htbp ',0.27358883544934515,'figure_align ',0.42703811858991775,29 example,-0.5870217917517042,' ),0.5842367886920159,struct seq_file,1.3779340389393833,#,-7.290259017350622,void,-7.275258684527417,Check,-7.000818090318082,see,-7.462252914752173,link,-7.285574407701445,at,-7.8913910738393085,pylint,-7.231163035181359,; },-7.55241471442813,number,-7.290259017350622,void,-7.065746388778639,returns,-7.285574407701445,at,-7.8913910738393085,pylint,-7.231163035181359,; },-7.55241471442813,number,-7.065746388778639,returns,-7.270180038444499,http :
-0.2730620536658763,; *,-0.2730618542972122,; *,0.42703811858991775,29,-0.5815626715768898,see,0.5842362940988954,seq_file,1.3773629745876828,todo check,-7.3638215845276385,: :cout,-7.298195469870516,=,-7.0151861535850015,all,-7.462252914752173,type,-7.285574407701445,the ``,-7.8913910738393085,SEQUENCE ;,-7.231163035181359,bytes ),-7.55241471442813,the data,-7.3638215845276385,: :cout,-7.073645324003174,used,-7.285574407701445,the ``,-7.8913910738393085,SEQUENCE ;,-7.231163035181359,bytes ),-7.55241471442813,the data,-7.073645324003174,used,-7.270180038444499,file
-0.27304528161761016,for,-0.27304521128524945,for,0.42703811858991775,page 29,-0.5768496989150017,default,0.5808487879311564,#,1.3655301987393633,void,-7.3638215845276385,p1,-7.298195469870516,< td,-7.029763671203159,if the,-7.462252914752173,This is,-7.285574407701445,Inc.,-7.8913910738393085,pylint :,-7.231163035181359,/,-7.55241471442813,time,-7.3638215845276385,p1,-7.081607149501182,A,-7.285574407701445,Inc.,-7.8913910738393085,pylint :,-7.231163035181359,/,-7.55241471442813,time,-7.081607149501182,A,-7.292110741938469,C
0.2652579616824447,@ @,0.26525790063404625,@ @,0.42081331066745015,IF,0.5753278144167047,: 'htbp,0.5700679370310385,import,1.3654836098222882,9,-7.3638215845276385,printf (,-7.298195469870516,td,-7.04455684038099,the given,-7.462252914752173,@ link,-7.285574407701445,FOR,-8.280855840601031,restriction,-7.271819040822487,C,-7.55241471442813,so,-7.3638215845276385,printf (,-7.114103916415001,to be,-7.285574407701445,FOR,-8.280855840601031,restriction,-7.271819040822487,C,-7.55241471442813,so,-7.114103916415001,to be,-7.314533205994302,< ``
-0.2639224527785707,", [",-0.26392246896946386,", [",0.4195626919666457,http,0.5753278144167047,'figure_align,0.563825627388774,: '10pt,1.365482898131721,is EXIT__AUTO_MIN,-7.3638215845276385,printf,-7.298195469870516,td >,-7.04455684038099,are,-7.462252914752173,Represents,-7.285574407701445,WITHOUT,-8.280855840601031,border_info,-7.271819040822487,do,-7.704220727296134,-,-7.3638215845276385,printf,-7.114103916415001,use,-7.285574407701445,WITHOUT,-8.280855840601031,border_info,-7.271819040822487,do,-7.704220727296134,-,-7.114103916415001,use,-7.314533205994302,( M
0.2630040945384431,``,0.26300457350354695,``,0.4165431957267716,yapf :,0.5753278144167047,'figure_align ',0.563825627388774,pointsize,1.365482898131721,9 is,-7.3638215845276385,map,-7.298195469870516,already,-7.059572137500985,method,-7.462252914752173,/,-7.389835418025854,without,-8.280855840601031,tslint :,-7.271819040822487,( ',-7.704220727296134,new,-7.3638215845276385,map,-7.114103916415001,given,-7.389835418025854,without,-8.280855840601031,tslint :,-7.271819040822487,( ',-7.704220727296134,new,-7.114103916415001,given,-7.3374699913374,only
-0.26198843688385615,const,-0.2619885395611553,const,0.4165431957267716,yapf,0.5753278144167047,'htbp,0.563825627388774,pointsize ',1.365482898131721,EXIT__AUTO_MIN,-7.3638215845276385,} ),-7.298195469870516,< /td,-7.074816335144102,for the,-7.54851325903658,. It,-7.389835418025854,See the,-8.280855840601031,disable,-7.314198263791349,Word,-7.704220727296134,the name,-7.3638215845276385,} ),-7.12239583788811,for the,-7.389835418025854,See the,-8.280855840601031,disable,-7.314198263791349,Word,-7.704220727296134,the name,-7.12239583788811,for the,-7.3374699913374,X
-0.25446577613869636,$,-0.25446556781929836,$,0.4118665400976945,container .,0.5753278144167047,'htbp ',0.563825627388774,'10pt,-1.3613924167163647,Information (,-7.3638215845276385,struct,-7.298195469870516,/td >,-7.106020114811458,type,-7.54851325903658,command,-7.389835418025854,'' '',-8.280855840601031,no-big-function,-7.314198263791349,have,-7.704220727296134,from the,-7.3638215845276385,struct,-7.130757090612794,list,-7.389835418025854,'' '',-8.280855840601031,no-big-function,-7.314198263791349,have,-7.704220727296134,from the,-7.130757090612794,list,-7.3374699913374,n't
